country,time,gross_inflows,gross_outflows,net_inflows,kopen,gdp_pc,gdpg,cpi,exchange_rate,reserves
Brazil,1998-03-31,5436492607,8879278978,-3442786371,-1,5105.890995,0.338097901,46.80089527,1.160516667,8712914.899
Brazil,1998-06-30,11602741407,1505566109,10097175298,-1,5105.890995,0.338097901,46.80089527,1.160516667,8712914.899
Brazil,1998-09-30,11523543894,11094860213,428683681,-1,5105.890995,0.338097901,46.80089527,1.160516667,8712914.899
Brazil,1998-12-31,5273805687,1666605100,3607200587,-1,5105.890995,0.338097901,46.80089527,1.160516667,8712914.899
Brazil,1999-03-31,-2168895240,5430960229,-7599855469,-1,3493.571625,0.467937566,49.0746922,1.813932847,10402627.55
Brazil,1999-06-30,1442055865,5487252777,-4045196912,-1,3493.571625,0.467937566,49.0746922,1.813932847,10402627.55
Brazil,1999-09-30,3503344224,2762515614,740828610,-1,3493.571625,0.467937566,49.0746922,1.813932847,10402627.55
Brazil,1999-12-31,14719400715,7174239190,7545161525,-1,3493.571625,0.467937566,49.0746922,1.813932847,10402627.55
Brazil,2000-03-31,5018051552,2185704521,2832347031,-1,3766.548115,4.387949447,52.53158274,1.829423122,8765399.058
Brazil,2000-06-30,13798539592,11584742681,2213796911,-1,3766.548115,4.387949447,52.53158274,1.829423122,8765399.058
Brazil,2000-09-30,6888579937,4668254165,2220325772,-1,3766.548115,4.387949447,52.53158274,1.829423122,8765399.058
Brazil,2000-12-31,2235549628,1719690804,515858824,-1,3766.548115,4.387949447,52.53158274,1.829423122,8765399.058
Brazil,2001-03-31,2336145598,1723496454,612649144,-1,3176.289357,1.389896401,56.1249316,2.349631709,11291932.66
Brazil,2001-06-30,-3682687981,5749562156,-9432250137,-1,3176.289357,1.389896401,56.1249316,2.349631709,11291932.66
Brazil,2001-09-30,1438847821,5069656001,-3630808180,-1,3176.289357,1.389896401,56.1249316,2.349631709,11291932.66
Brazil,2001-12-31,-744987310.6,1774262671,-2519249982,-1,3176.289357,1.389896401,56.1249316,2.349631709,11291932.66
Brazil,2002-03-31,4770721683,3039874698,1730846985,0,2855.940189,3.053461859,60.86758058,2.920363018,13246827.39
Brazil,2002-06-30,-7787350804,8239369188,-16026719992,0,2855.940189,3.053461859,60.86758058,2.920363018,13246827.39
Brazil,2002-09-30,-974579415.6,2217765388,-3192344804,0,2855.940189,3.053461859,60.86758058,2.920363018,13246827.39
Brazil,2002-12-31,987878502.8,2614540240,-1626661737,0,2855.940189,3.053461859,60.86758058,2.920363018,13246827.39
Brazil,2003-03-31,-623121429.1,2800592781,-3423714210,0,3090.60701,1.140828998,69.8241962,3.077475118,15950681.15
Brazil,2003-06-30,2668611577,2014442334,654169243,0,3090.60701,1.140828998,69.8241962,3.077475118,15950681.15
Brazil,2003-09-30,2136302258,863764982.2,1272537276,0,3090.60701,1.140828998,69.8241962,3.077475118,15950681.15
Brazil,2003-12-31,12014060815,4629901256,7384159559,0,3090.60701,1.140828998,69.8241962,3.077475118,15950681.15
Brazil,2004-03-31,6215904461,3056224071,3159680390,0,3663.823188,5.759964637,74.43062767,2.92511945,14447985.74
Brazil,2004-06-30,-7232545509,821757058.2,-8054302567,0,3663.823188,5.759964637,74.43062767,2.92511945,14447985.74
Brazil,2004-09-30,4552047241,4470568231,81479010,0,3663.823188,5.759964637,74.43062767,2.92511945,14447985.74
Brazil,2004-12-31,4967049213,2738736776,2228312437,0,3663.823188,5.759964637,74.43062767,2.92511945,14447985.74
Brazil,2005-03-31,6911693493,840130163,6071563330,0,4827.781731,3.202132061,79.54366733,2.434390036,11143686.27
Brazil,2005-06-30,6307886741,8550251544,-2242364803,0,4827.781731,3.202132061,79.54366733,2.434390036,11143686.27
Brazil,2005-09-30,11294068576,4475258450,6818810126,0,4827.781731,3.202132061,79.54366733,2.434390036,11143686.27
Brazil,2005-12-31,10460657309,11084402069,-623744760,0,4827.781731,3.202132061,79.54366733,2.434390036,11143686.27
Brazil,2006-03-31,9878668763,3135507070,6743161693,0,5934.144709,3.961988711,82.87143085,2.175326667,14465919.74
Brazil,2006-06-30,-14715194806,5634976988,-20350171794,0,5934.144709,3.961988711,82.87143085,2.175326667,14465919.74
Brazil,2006-09-30,5055054474,2485441088,2569613386,0,5934.144709,3.961988711,82.87143085,2.175326667,14465919.74
Brazil,2006-12-31,-6581395463,16216661029,-22798056492,0,5934.144709,3.961988711,82.87143085,2.175326667,14465919.74
Brazil,2007-03-31,2854836641,12931584642,-10076748001,0,7409.691307,6.069870607,85.88900587,1.947058333,24337535.14
Brazil,2007-06-30,10232076280,19717859028,-9485782748,0,7409.691307,6.069870607,85.88900587,1.947058333,24337535.14
Brazil,2007-09-30,19063091203,2719760636,16343330567,0,7409.691307,6.069870607,85.88900587,1.947058333,24337535.14
Brazil,2007-12-31,5670751736,3029405521,2641346215,0,7409.691307,6.069870607,85.88900587,1.947058333,24337535.14
Brazil,2008-03-31,-4633899240,12394375065,-17028274305,0,8908.331765,5.094195447,90.76629373,1.833766667,21753047.44
Brazil,2008-06-30,1687637297,9412343042,-7724705745,0,8908.331765,5.094195447,90.76629373,1.833766667,21753047.44
Brazil,2008-09-30,3126035457,8683373522,-5557338065,0,8908.331765,5.094195447,90.76629373,1.833766667,21753047.44
Brazil,2008-12-31,1318691577,22845232714,-21526541137,0,8908.331765,5.094195447,90.76629373,1.833766667,21753047.44
Brazil,2009-03-31,-2863770450,1909231500,-4773001950,0,8678.659224,-0.125812002,95.20298175,1.999428173,27485750.81
Brazil,2009-06-30,4487155385,14626693800,-10139538415,0,8678.659224,-0.125812002,95.20298175,1.999428173,27485750.81
Brazil,2009-09-30,29999739197,3424017300,26575721897,0,8678.659224,-0.125812002,95.20298175,1.999428173,27485750.81
Brazil,2009-12-31,34459065968,9044767100,25414298868,0,8678.659224,-0.125812002,95.20298175,1.999428173,27485750.81
Brazil,2010-03-31,-2454746855,11885913046,-14340659901,0,11403.28213,7.528225818,100,1.759226711,25306277.64
Brazil,2010-06-30,7490345823,13388240572,-5897894749,0,11403.28213,7.528225818,100,1.759226711,25306277.64
Brazil,2010-09-30,23911468213,8840988862,15070479351,0,11403.28213,7.528225818,100,1.759226711,25306277.64
Brazil,2010-12-31,38080481088,6018511325,32061969763,0,11403.28213,7.528225818,100,1.759226711,25306277.64
Brazil,2011-03-31,-4074072688,16582574715,-20656647403,0,13396.62436,3.974423079,106.6364496,1.672828755,26276038.9
Brazil,2011-06-30,4380664049,20773908513,-16393244464,0,13396.62436,3.974423079,106.6364496,1.672828755,26276038.9
Brazil,2011-09-30,1796973445,14004708588,-12207735143,0,13396.62436,3.974423079,106.6364496,1.672828755,26276038.9
Brazil,2011-12-31,2270897369,2859341422,-588444053,0,13396.62436,3.974423079,106.6364496,1.672828755,26276038.9
Brazil,2012-03-31,6623290407,7841105055,-1217814648,0,12521.72135,1.921175986,112.3985493,1.953068611,29801092.6
Brazil,2012-06-30,-9632240586,9940119708,-19572360294,0,12521.72135,1.921175986,112.3985493,1.953068611,29801092.6
Brazil,2012-09-30,8535473269,2283329483,6252143786,0,12521.72135,1.921175986,112.3985493,1.953068611,29801092.6
Brazil,2012-12-31,11183643648,2340762245,8842881403,0,12521.72135,1.921175986,112.3985493,1.953068611,29801092.6
Brazil,2013-03-31,-5400617925,12109220729,-17509838654,0,12458.89121,3.004822669,119.3721044,2.156089151,28800028.53
Brazil,2013-06-30,18754033817,7373683067,11380350750,0,12458.89121,3.004822669,119.3721044,2.156089151,28800028.53
Brazil,2013-09-30,32639416994,7733638207,24905778787,0,12458.89121,3.004822669,119.3721044,2.156089151,28800028.53
Brazil,2013-12-31,3444009720,6334662110,-2890652390,0,12458.89121,3.004822669,119.3721044,2.156089151,28800028.53
Brazil,2014-03-31,9930555529,11720887699,-1790332170,0,12274.99397,0.50395574,126.9272129,2.352951963,29618770.24
Brazil,2014-06-30,22099562462,8990275793,13109286669,0,12274.99397,0.50395574,126.9272129,2.352951963,29618770.24
Brazil,2014-09-30,9114836885,17967167442,-8852330557,0,12274.99397,0.50395574,126.9272129,2.352951963,29618770.24
Brazil,2014-12-31,-8148228451,22596945183,-30745173634,0,12274.99397,0.50395574,126.9272129,2.352951963,29618770.24
Brazil,2015-03-31,10844816116,15147238696,-4302422580,-1,8936.196617,-3.545763393,138.3886146,3.326904383,39890010.89
Brazil,2015-06-30,11819906897,11282444106,537462791,-1,8936.196617,-3.545763393,138.3886146,3.326904383,39890010.89
Brazil,2015-09-30,-9337003155,19081381220,-28418384375,-1,8936.196617,-3.545763393,138.3886146,3.326904383,39890010.89
Brazil,2015-12-31,13386854223,20227193724,-6840339501,-1,8936.196617,-3.545763393,138.3886146,3.326904383,39890010.89
Brazil,2016-03-31,-1037568545,12796335205,-13833903750,-1,8836.286527,-3.275916908,150.4825942,3.491313422,41305138.53
Brazil,2016-06-30,-834240204,14215489367,-15049729571,-1,8836.286527,-3.275916908,150.4825942,3.491313422,41305138.53
Brazil,2016-09-30,-15749497773,7914483847,-23663981620,-1,8836.286527,-3.275916908,150.4825942,3.491313422,41305138.53
Brazil,2016-12-31,5127981657,17620639798,-12492658141,-1,8836.286527,-3.275916908,150.4825942,3.491313422,41305138.53
Brazil,2017-03-31,-2856762422,12809708578,-15666471000,-1,10080.50928,1.322869054,155.6687862,3.191389446,37096887.49
Brazil,2017-06-30,501980818.8,10982599109,-10480618290,-1,10080.50928,1.322869054,155.6687862,3.191389446,37096887.49
Brazil,2017-09-30,3129753236,13572930006,-10443176770,-1,10080.50928,1.322869054,155.6687862,3.191389446,37096887.49
Brazil,2017-12-31,-1806298342,6483746657,-8290044999,-1,10080.50928,1.322869054,155.6687862,3.191389446,37096887.49
Brazil,2018-03-31,1986543462,17787586406,-15801042944,-1,9300.661649,1.783666762,161.3738142,3.653825361,40288496.41
Brazil,2018-06-30,6568064285,20531034960,-13962970675,-1,9300.661649,1.783666762,161.3738142,3.653825361,40288496.41
Brazil,2018-09-30,-1187606218,12725192543,-13912798761,-1,9300.661649,1.783666762,161.3738142,3.653825361,40288496.41
Brazil,2018-12-31,-2951841992,13016967048,-15968809040,-1,9300.661649,1.783666762,161.3738142,3.653825361,40288496.41
Brazil,2019-03-31,3408361095,21349043024,-17940681929,-1,9029.833267,1.220777824,167.3978603,3.944471097,39523031.75
Brazil,2019-06-30,-15890999221,27395440295,-43286439516,-1,9029.833267,1.220777824,167.3978603,3.944471097,39523031.75
Brazil,2019-09-30,-12312421004,26040854071,-38353275075,-1,9029.833267,1.220777824,167.3978603,3.944471097,39523031.75
Brazil,2019-12-31,420462575.8,27561272740,-27140810164,-1,9029.833267,1.220777824,167.3978603,3.944471097,39523031.75
Brazil,2020-03-31,-30863066021,32850186485,-63713252506,-1,7074.193783,-3.276758796,172.7742913,5.155178788,50269226.76
Brazil,2020-06-30,14472356264,39375135386,-24902779122,-1,7074.193783,-3.276758796,172.7742913,5.155178788,50269226.76
Brazil,2020-09-30,334747262.4,17761779348,-17427032086,-1,7074.193783,-3.276758796,172.7742913,5.155178788,50269226.76
Brazil,2020-12-31,41002167043,20464965224,20537201819,-1,7074.193783,-3.276758796,172.7742913,5.155178788,50269226.76
Brazil,2021-03-31,4310649377,16747096276,-12436446899,-1,7972.53665,4.762604379,187.1174251,5.39440079,45432225.04
Brazil,2021-06-30,15604301943,24795326016,-9191024073,-1,7972.53665,4.762604379,187.1174251,5.39440079,45432225.04
Brazil,2021-09-30,-14018103759,37280135394,-51298239153,-1,7972.53665,4.762604379,187.1174251,5.39440079,45432225.04
Brazil,2021-12-31,-8686489071,18460283184,-27146772255,-1,7972.53665,4.762604379,187.1174251,5.39440079,45432225.04
Brazil,2022-03-31,-2509716063,15201264804,-17710980867,-1,9281.333344,3.016694354,204.4821206,5.163970291,34981337.03
Brazil,2022-06-30,-10118283321,24418977057,-34537260378,-1,9281.333344,3.016694354,204.4821206,5.163970291,34981337.03
Brazil,2022-09-30,-5082128529,25862281860,-30944410389,-1,9281.333344,3.016694354,204.4821206,5.163970291,34981337.03
Brazil,2022-12-31,12234063824,13581658615,-1347594791,-1,9281.333344,3.016694354,204.4821206,5.163970291,34981337.03
Chile,1998-03-31,1224765044,0,1224765044,-2,5419.824173,4.180886627,68.65570307,460.2875,2992906.47
Chile,1998-06-30,2050478653,0,2050478653,-2,5419.824173,4.180886627,68.65570307,460.2875,2992906.47
Chile,1998-09-30,2021715491,0,2021715491,-2,5419.824173,4.180886627,68.65570307,460.2875,2992906.47
Chile,1998-12-31,1316458005,0,1316458005,-2,5419.824173,4.180886627,68.65570307,460.2875,2992906.47
Chile,1999-03-31,2030723868,375900000,1654823868,-1,4933.555815,-0.273631398,70.94666093,508.7766667,3034451.615
Chile,1999-06-30,3371784088,332800000,3038984088,-1,4933.555815,-0.273631398,70.94666093,508.7766667,3034451.615
Chile,1999-09-30,-53151707.56,458700000,-511851707.6,-1,4933.555815,-0.273631398,70.94666093,508.7766667,3034451.615
Chile,1999-12-31,-716455475.3,621006484.6,-1337461960,-1,4933.555815,-0.273631398,70.94666093,508.7766667,3034451.615
Chile,2000-03-31,78271372.2,515100000,-436828627.8,-1,5052.992458,4.971621488,73.67333477,539.5875,2979445.415
Chile,2000-06-30,-669148642.7,537700000,-1206848643,-1,5052.992458,4.971621488,73.67333477,539.5875,2979445.415
Chile,2000-09-30,-1026736128,490730911.8,-1517467040,-1,5052.992458,4.971621488,73.67333477,539.5875,2979445.415
Chile,2000-12-31,349199049.1,296500000,52699049.1,-1,5052.992458,4.971621488,73.67333477,539.5875,2979445.415
Chile,2001-03-31,2683377757,290255679.9,2393122077,1,4563.595299,3.154034925,76.30281015,634.9383333,3155289.336
Chile,2001-06-30,-2035494802,185849416.8,-2221344219,1,4563.595299,3.154034925,76.30281015,634.9383333,3155289.336
Chile,2001-09-30,-407872811.5,85829177.54,-493701989,1,4563.595299,3.154034925,76.30281015,634.9383333,3155289.336
Chile,2001-12-31,551100882,76953167.66,474147714.3,1,4563.595299,3.154034925,76.30281015,634.9383333,3155289.336
Chile,2002-03-31,729007804.2,787300015.6,-58292211.4,2,4430.847412,3.202799135,78.20229091,688.9366667,3462963.343
Chile,2002-06-30,1183111906,675796176.2,507315729.8,2,4430.847412,3.202799135,78.20229091,688.9366667,3462963.343
Chile,2002-09-30,193255346.6,991989823.3,-798734476.7,2,4430.847412,3.202799135,78.20229091,688.9366667,3462963.343
Chile,2002-12-31,37269129.93,1234379102,-1197109972,2,4430.847412,3.202799135,78.20229091,688.9366667,3462963.343
Chile,2003-03-31,-352916855.7,1251585353,-1604502209,2,4773.401775,4.723245269,80.39991507,691.3975,3319001.451
Chile,2003-06-30,-978335829.9,1952182128,-2930517958,2,4773.401775,4.723245269,80.39991507,691.3975,3319001.451
Chile,2003-09-30,1491225530,1333388684,157836846,2,4773.401775,4.723245269,80.39991507,691.3975,3319001.451
Chile,2003-12-31,1048097625,1106246146,-58148521,2,4773.401775,4.723245269,80.39991507,691.3975,3319001.451
Chile,2004-03-31,-410913268.6,1305714199,-1716627468,2,6120.591521,6.674254168,81.2479241,609.5291667,2613685.475
Chile,2004-06-30,-106615829.8,1353484315,-1460100145,2,6120.591521,6.674254168,81.2479241,609.5291667,2613685.475
Chile,2004-09-30,-68418719.32,1000896063,-1069314782,2,6120.591521,6.674254168,81.2479241,609.5291667,2613685.475
Chile,2004-12-31,-428923712.2,1524823767,-1953747479,2,6120.591521,6.674254168,81.2479241,609.5291667,2613685.475
Chile,2005-03-31,-1687546492,3127960250,-4815506742,2,7480.32331,5.837045719,83.72807891,559.7675,2263712.007
Chile,2005-06-30,-1067786121,2425110802,-3492896923,2,7480.32331,5.837045719,83.72807891,559.7675,2263712.007
Chile,2005-09-30,-65878761.93,2250978929,-2316857691,2,7480.32331,5.837045719,83.72807891,559.7675,2263712.007
Chile,2005-12-31,-2393831751,5543649890,-7937481641,2,7480.32331,5.837045719,83.72807891,559.7675,2263712.007
Chile,2006-03-31,991860388.4,3572958950,-2581098562,2,9318.656553,6.049990826,86.56814986,530.275,2081521.826
Chile,2006-06-30,1619625447,3279788276,-1660162829,2,9318.656553,6.049990826,86.56814986,530.275,2081521.826
Chile,2006-09-30,1942113168,2321317480,-379204312,2,9318.656553,6.049990826,86.56814986,530.275,2081521.826
Chile,2006-12-31,-161155379.5,2881512773,-3042668153,2,9318.656553,6.049990826,86.56814986,530.275,2081521.826
Chile,2007-03-31,2145901922,2838533376,-692631454,2,10346.41382,5.168230985,90.38390024,522.4641667,1627945.47
Chile,2007-06-30,3360871648,3146664903,214206745,2,10346.41382,5.168230985,90.38390024,522.4641667,1627945.47
Chile,2007-09-30,5369594742,2877887811,2491706931,2,10346.41382,5.168230985,90.38390024,522.4641667,1627945.47
Chile,2007-12-31,2990420845,4351003661,-1360582816,2,10346.41382,5.168230985,90.38390024,522.4641667,1627945.47
Chile,2008-03-31,3638524447,5763217923,-2124693476,2,10683.21888,3.789392806,98.26200387,522.4610358,2160325.439
Chile,2008-06-30,3523424943,5071465262,-1548040319,2,10683.21888,3.789392806,98.26200387,522.4610358,2160325.439
Chile,2008-09-30,381041475.1,4531906289,-4150864814,2,10683.21888,3.789392806,98.26200387,522.4610358,2160325.439
Chile,2008-12-31,-4590485108,8350221498,-12940706606,2,10683.21888,3.789392806,98.26200387,522.4610358,2160325.439
Chile,2009-03-31,-4181803338,5720260874,-9902064212,2,10098.80172,-1.118037236,98.60891314,560.8598948,2504463.375
Chile,2009-06-30,2212012014,3990539014,-1778527000,2,10098.80172,-1.118037236,98.60891314,560.8598948,2504463.375
Chile,2009-09-30,5230193864,4256775563,973418301,2,10098.80172,-1.118037236,98.60891314,560.8598948,2504463.375
Chile,2009-12-31,7105035328,3958990523,3146044805,2,10098.80172,-1.118037236,98.60891314,560.8598948,2504463.375
Chile,2010-03-31,2225521199,3324177636,-1098656437,2,12632.87047,5.851651022,100,510.2491667,2202781.284
Chile,2010-06-30,-624222839.2,4425651742,-5049874581,2,12632.87047,5.851651022,100,510.2491667,2202781.284
Chile,2010-09-30,8011638448,3593737760,4417900688,2,12632.87047,5.851651022,100,510.2491667,2202781.284
Chile,2010-12-31,1507729387,4669364140,-3161634753,2,12632.87047,5.851651022,100,510.2491667,2202781.284
Chile,2011-03-31,874221538.3,4689386379,-3815164841,1,14487.39278,6.223896785,103.3412169,483.6675,2895199.337
Chile,2011-06-30,1503451328,4757970758,-3254519430,1,14487.39278,6.223896785,103.3412169,483.6675,2895199.337
Chile,2011-09-30,-6414086707,4275914157,-10690000864,1,14487.39278,6.223896785,103.3412169,483.6675,2895199.337
Chile,2011-12-31,820359976.9,5837907614,-5017547637,1,14487.39278,6.223896785,103.3412169,483.6675,2895199.337
Chile,2012-03-31,2492962840,5861137287,-3368174447,1,15241.907,6.155340019,106.4491507,486.4713034,2732548.902
Chile,2012-06-30,-1421394864,4358012228,-5779407092,1,15241.907,6.155340019,106.4491507,486.4713034,2732548.902
Chile,2012-09-30,429039148.6,5275517401,-4846478252,1,15241.907,6.155340019,106.4491507,486.4713034,2732548.902
Chile,2012-12-31,7616346155,3646995400,3969350755,1,15241.907,6.155340019,106.4491507,486.4713034,2732548.902
Chile,2013-03-31,133646737.5,3876638098,-3742991361,1,15683.54864,3.308508247,108.3541174,495.2728776,2620150.164
Chile,2013-06-30,-8552857872,4652935753,-13205793625,1,15683.54864,3.308508247,108.3541174,495.2728776,2620150.164
Chile,2013-09-30,356509061.5,3386755717,-3030246656,1,15683.54864,3.308508247,108.3541174,495.2728776,2620150.164
Chile,2013-12-31,7616261083,3584705552,4031555531,1,15683.54864,3.308508247,108.3541174,495.2728776,2620150.164
Chile,2014-03-31,-3112234517,3455223048,-6567457565,1,14529.67672,1.792649471,113.4669963,570.3482161,2783776.944
Chile,2014-06-30,2499562541,3174291063,-674728522,1,14529.67672,1.792649471,113.4669963,570.3482161,2783776.944
Chile,2014-09-30,-891838176.4,3435848530,-4327686706,1,14529.67672,1.792649471,113.4669963,570.3482161,2783776.944
Chile,2014-12-31,363353333.6,4061635042,-3698281708,1,14529.67672,1.792649471,113.4669963,570.3482161,2783776.944
Chile,2015-03-31,-2462466475,5399234630,-7861701105,1,13433.9203,2.1519425,118.401419,654.1240843,2876388.705
Chile,2015-06-30,-425330543.1,4221763298,-4647093841,1,13433.9203,2.1519425,118.401419,654.1240843,2876388.705
Chile,2015-09-30,-5511182058,4530360911,-10041542969,1,13433.9203,2.1519425,118.401419,654.1240843,2876388.705
Chile,2015-12-31,-1947652326,3537270567,-5484922893,1,13433.9203,2.1519425,118.401419,654.1240843,2876388.705
Chile,2016-03-31,1758847852,4278618804,-2519770952,1,13649.85205,1.753038749,122.884326,676.957736,2966573.82
Chile,2016-06-30,-2407785478,3945779707,-6353565185,1,13649.85205,1.753038749,122.884326,676.957736,2966573.82
Chile,2016-09-30,-5717039832,3827532227,-9544572059,1,13649.85205,1.753038749,122.884326,676.957736,2966573.82
Chile,2016-12-31,-1302354466,5001951427,-6304305893,1,13649.85205,1.753038749,122.884326,676.957736,2966573.82
Chile,2017-03-31,-4054673264,5936440968,-9991114232,1,14879.90862,1.357695373,125.5665448,648.8337926,2619743.222
Chile,2017-06-30,962930988.7,5347408900,-4384477911,1,14879.90862,1.357695373,125.5665448,648.8337926,2619743.222
Chile,2017-09-30,1503950112,5328336701,-3824386589,1,14879.90862,1.357695373,125.5665448,648.8337926,2619743.222
Chile,2017-12-31,4933415143,5420072899,-486657756,1,14879.90862,1.357695373,125.5665448,648.8337926,2619743.222
Chile,2018-03-31,2179913408,6109527433,-3929614025,1,15659.48087,3.990029478,128.6239518,641.2768131,2545347.736
Chile,2018-06-30,-3510599036,4809639695,-8320238731,1,15659.48087,3.990029478,128.6239518,641.2768131,2545347.736
Chile,2018-09-30,-1694453590,4484142418,-6178596008,1,15659.48087,3.990029478,128.6239518,641.2768131,2545347.736
Chile,2018-12-31,-3046964759,5492649875,-8539614634,1,15659.48087,3.990029478,128.6239518,641.2768131,2545347.736
Chile,2019-03-31,-1229391203,5588000022,-6817391225,1,14495.71672,0.634367534,131.913567,702.8974226,2804657.75
Chile,2019-06-30,-4190408574,7815251129,-12005659703,1,14495.71672,0.634367534,131.913567,702.8974226,2804657.75
Chile,2019-09-30,-8715389269,9567537807,-18282927076,1,14495.71672,0.634367534,131.913567,702.8974226,2804657.75
Chile,2019-12-31,-8177848832,10566185156,-18744033988,1,14495.71672,0.634367534,131.913567,702.8974226,2804657.75
Chile,2020-03-31,3664790959,4123946610,-459155651,1,13114.81547,-6.143474792,135.9309826,792.7272061,2986402.531
Chile,2020-06-30,4588381241,3941737959,646643282,1,13114.81547,-6.143474792,135.9309826,792.7272061,2986402.531
Chile,2020-09-30,-10979656669,3354185144,-14333841813,1,13114.81547,-6.143474792,135.9309826,792.7272061,2986402.531
Chile,2020-12-31,-4963501264,3776401245,-8739902509,1,13114.81547,-6.143474792,135.9309826,792.7272061,2986402.531
Chile,2021-03-31,7126383724,3687642812,3438740912,1,16206.83255,11.31492049,142.0812728,758.9553787,3162380.289
Chile,2021-06-30,-6083016021,2820655758,-8903671779,1,16206.83255,11.31492049,142.0812728,758.9553787,3162380.289
Chile,2021-09-30,7050883819,2451183053,4599700766,1,16206.83255,11.31492049,142.0812728,758.9553787,3162380.289
Chile,2021-12-31,2848219309,3715150812,-866931503,1,16206.83255,11.31492049,142.0812728,758.9553787,3162380.289
Chile,2022-03-31,8641623450,3684916537,4956706913,1,15405.61658,2.153993562,158.6250269,873.3141895,2538187.203
Chile,2022-06-30,5259921889,6075785438,-815863549,1,15405.61658,2.153993562,158.6250269,873.3141895,2538187.203
Chile,2022-09-30,-445242465.8,7495844462,-7941086928,1,15405.61658,2.153993562,158.6250269,873.3141895,2538187.203
Chile,2022-12-31,2832190781,7382708204,-4550517423,1,15405.61658,2.153993562,158.6250269,873.3141895,2538187.203
India,1998-03-31,2669430025,838296345.4,1831133680,-1,413.6308641,6.184415822,49.91280767,41.259365,74091578.57
India,1998-06-30,1124197120,1885422346,-761225226,-1,413.6308641,6.184415822,49.91280767,41.259365,74091578.57
India,1998-09-30,3623213980,678492796.5,2944721184,-1,413.6308641,6.184415822,49.91280767,41.259365,74091578.57
India,1998-12-31,2005732100,615480252.3,1390251848,-1,413.6308641,6.184415822,49.91280767,41.259365,74091578.57
India,1999-03-31,3261698035,2288837371,972860664,-1,441.9279914,8.845755559,52.24364614,43.05542833,81473218.77
India,1999-06-30,594522981.5,1462005989,-867483007.5,-1,441.9279914,8.845755559,52.24364614,43.05542833,81473218.77
India,1999-09-30,574179706.8,776587042,-202407335.2,-1,441.9279914,8.845755559,52.24364614,43.05542833,81473218.77
India,1999-12-31,992572746.2,1328697442,-336124695.8,-1,441.9279914,8.845755559,52.24364614,43.05542833,81473218.77
India,2000-03-31,1442304341,2094944733,-652640392,-1,442.7502189,3.840991157,54.33832165,44.941605,92736400.39
India,2000-06-30,801996918.6,1666208114,-864211195.4,-1,442.7502189,3.840991157,54.33832165,44.941605,92736400.39
India,2000-09-30,413803039.8,453215675.2,-39412635.4,-1,442.7502189,3.840991157,54.33832165,44.941605,92736400.39
India,2000-12-31,5213179219,2881691107,2331488112,-1,442.7502189,3.840991157,54.33832165,44.941605,92736400.39
India,2001-03-31,1694564355,3002819864,-1308255509,-1,450.3579005,4.823966266,56.3919261,47.18641417,108915245.1
India,2001-06-30,1037427320,3562674347,-2525247027,-1,450.3579005,4.823966266,56.3919261,47.18641417,108915245.1
India,2001-09-30,1837950252,1684964269,152985983,-1,450.3579005,4.823966266,56.3919261,47.18641417,108915245.1
India,2001-12-31,2491952698,3587031022,-1095078324,-1,450.3579005,4.823966266,56.3919261,47.18641417,108915245.1
India,2002-03-31,2956673173,3329803789,-373130616,-1,469.149929,3.803975321,58.8151729,48.61031917,152633221.6
India,2002-06-30,2447786597,3028666538,-580879941,-1,469.149929,3.803975321,58.8151729,48.61031917,152633221.6
India,2002-09-30,1345545576,4543194213,-3197648637,-1,469.149929,3.803975321,58.8151729,48.61031917,152633221.6
India,2002-12-31,3014975162,4166050306,-1151075144,-1,469.149929,3.803975321,58.8151729,48.61031917,152633221.6
India,2003-03-31,3519652218,5783132833,-2263480615,-1,544.1431335,7.860381476,61.05359545,46.58328417,190643236.4
India,2003-06-30,6555006672,6541831829,13174843,-1,544.1431335,7.860381476,61.05359545,46.58328417,190643236.4
India,2003-09-30,5393788320,7366042853,-1972254533,-1,544.1431335,7.860381476,61.05359545,46.58328417,190643236.4
India,2003-12-31,3038046992,9291171905,-6253124913,-1,544.1431335,7.860381476,61.05359545,46.58328417,190643236.4
India,2004-03-31,2987335184,8765249776,-5777914592,-1,624.2588265,7.922936612,63.35363809,45.31646667,210859883
India,2004-06-30,7898937297,5509427264,2389510033,-1,624.2588265,7.922936612,63.35363809,45.31646667,210859883
India,2004-09-30,2825150462,4965135557,-2139985095,-1,624.2588265,7.922936612,63.35363809,45.31646667,210859883
India,2004-12-31,6887087308,9813085530,-2925998222,-1,624.2588265,7.922936612,63.35363809,45.31646667,210859883
India,2005-03-31,10311887761,10925044082,-613156321,-1,710.4880804,7.923430621,66.04385126,44.099975,193986123.1
India,2005-06-30,7379543315,7384658861,-5115546,-1,710.4880804,7.923430621,66.04385126,44.099975,193986123.1
India,2005-09-30,8991076960,8415762294,575314666,-1,710.4880804,7.923430621,66.04385126,44.099975,193986123.1
India,2005-12-31,-449572466.4,5641442233,-6091014699,-1,710.4880804,7.923430621,66.04385126,44.099975,193986123.1
India,2006-03-31,11618334133,11169356815,448977318,-1,801.6683537,8.060732572,69.87209853,45.30700833,222099062.9
India,2006-06-30,12582634955,8705421302,3877213653,-1,801.6683537,8.060732572,69.87209853,45.30700833,222099062.9
India,2006-09-30,11030431068,9568702886,1461728182,-1,801.6683537,8.060732572,69.87209853,45.30700833,222099062.9
India,2006-12-31,12277297454,11597981401,679316053,-1,801.6683537,8.060732572,69.87209853,45.30700833,222099062.9
India,2007-03-31,15836573522,9223226734,6613346788,-1,1021.887077,7.660815067,74.32496447,41.34853333,270654269.3
India,2007-06-30,12864005182,15095938832,-2231933650,-1,1021.887077,7.660815067,74.32496447,41.34853333,270654269.3
India,2007-09-30,17607519584,24083300143,-6475780559,-1,1021.887077,7.660815067,74.32496447,41.34853333,270654269.3
India,2007-12-31,14322818368,24603903872,-10281085504,-1,1021.887077,7.660815067,74.32496447,41.34853333,270654269.3
India,2008-03-31,21388650811,15941645173,5447005638,-1,992.5195849,3.086698059,80.53055424,43.50518333,259362867.5
India,2008-06-30,14951722532,18704295718,-3752573186,-1,992.5195849,3.086698059,80.53055424,43.50518333,259362867.5
India,2008-09-30,10306094882,9550704563,755390319,-1,992.5195849,3.086698059,80.53055424,43.50518333,259362867.5
India,2008-12-31,6679746089,17499401499,-10819655410,-1,992.5195849,3.086698059,80.53055424,43.50518333,259362867.5
India,2009-03-31,2472925255,6504905467,-4031980212,-1,1094.949746,7.861888833,89.29417338,48.40526667,259996304.8
India,2009-06-30,-5229008689,12342934622,-17571943311,-1,1094.949746,7.861888833,89.29417338,48.40526667,259996304.8
India,2009-09-30,8791546569,10934125426,-2142578857,-1,1094.949746,7.861888833,89.29417338,48.40526667,259996304.8
India,2009-12-31,12821314763,10574982241,2246332522,-1,1094.949746,7.861888833,89.29417338,48.40526667,259996304.8
India,2010-03-31,7803562412,13642850645,-5839288233,-1,1347.519391,8.497584702,100,45.72581212,222987640
India,2010-06-30,21742004708,14890645720,6851358988,-1,1347.519391,8.497584702,100,45.72581212,222987640
India,2010-09-30,11285571697,30677797636,-19392225939,-1,1347.519391,8.497584702,100,45.72581212,222987640
India,2010-12-31,24414983113,21572033168,2842949945,-1,1347.519391,8.497584702,100,45.72581212,222987640
India,2011-03-31,16318509202,11172211581,5146297621,-1,1445.461275,5.241316199,108.9117934,46.67046667,206674138.1
India,2011-06-30,28719578087,18096771815,10622806272,-1,1445.461275,5.241316199,108.9117934,46.67046667,206674138.1
India,2011-09-30,25833114434,12741203205,13091911229,-1,1445.461275,5.241316199,108.9117934,46.67046667,206674138.1
India,2011-12-31,1317821348,2074963682,-757142334,-1,1445.461275,5.241316199,108.9117934,46.67046667,206674138.1
India,2012-03-31,6374034032,18619534185,-12245500153,-1,1429.321995,5.456387552,119.2355389,53.43723333,210187430.4
India,2012-06-30,17869683886,4743336538,13126347348,-1,1429.321995,5.456387552,119.2355389,53.43723333,210187430.4
India,2012-09-30,13837047269,15932061382,-2095014113,-1,1429.321995,5.456387552,119.2355389,53.43723333,210187430.4
India,2012-12-31,21212924429,10826108459,10386815970,-1,1429.321995,5.456387552,119.2355389,53.43723333,210187430.4
India,2013-03-31,10270156867,17151666231,-6881509364,-1,1432.843975,6.386106401,131.1804103,58.59784542,208042525.2
India,2013-06-30,29566532573,15733997076,13832535497,-1,1432.843975,6.386106401,131.1804103,58.59784542,208042525.2
India,2013-09-30,15193765733,26319599765,-11125834032,-1,1432.843975,6.386106401,131.1804103,58.59784542,208042525.2
India,2013-12-31,32452141661,20435288346,12016853315,-1,1432.843975,6.386106401,131.1804103,58.59784542,208042525.2
India,2014-03-31,15504579896,29016822747,-13512242851,-1,1553.883961,7.410227605,139.9244461,61.02951446,209205476.9
India,2014-06-30,15487954559,31266271542,-15778316983,-1,1553.883961,7.410227605,139.9244461,61.02951446,209205476.9
India,2014-09-30,15231472771,24057566535,-8826093764,-1,1553.883961,7.410227605,139.9244461,61.02951446,209205476.9
India,2014-12-31,22312959581,17981512995,4331446586,-1,1553.883961,7.410227605,139.9244461,61.02951446,209205476.9
India,2015-03-31,23743613952,25408686562,-1665072610,-1,1583.998159,7.996253786,146.7905015,64.15194446,223055222
India,2015-06-30,20224573133,11726839837,8497733296,-1,1583.998159,7.996253786,146.7905015,64.15194446,223055222
India,2015-09-30,20584997865,16921771230,3663226635,-1,1583.998159,7.996253786,146.7905015,64.15194446,223055222
India,2015-12-31,11429749593,12602735471,-1172985878,-1,1583.998159,7.996253786,146.7905015,64.15194446,223055222
India,2016-03-31,6881897225,14450651793,-7568754568,-1,1707.508929,8.256305502,154.0540131,67.19531281,211825728
India,2016-06-30,10089322772,14686743845,-4597421073,-1,1707.508929,8.256305502,154.0540131,67.19531281,211825728
India,2016-09-30,5124282737,21826656694,-16702373957,-1,1707.508929,8.256305502,154.0540131,67.19531281,211825728
India,2016-12-31,33036444408,39700946668,-6664502260,-1,1707.508929,8.256305502,154.0540131,67.19531281,211825728
India,2017-03-31,8612680329,27706832211,-19094151882,-1,1950.104683,6.795383419,159.1811978,65.12156865,211585457.8
India,2017-06-30,20614436369,25491639030,-4877202661,-1,1950.104683,6.795383419,159.1811978,65.12156865,211585457.8
India,2017-09-30,18307740605,17669410805,638329800,-1,1950.104683,6.795383419,159.1811978,65.12156865,211585457.8
India,2017-12-31,28014676829,20070877135,7943799694,-1,1950.104683,6.795383419,159.1811978,65.12156865,211585457.8
India,2018-03-31,37014283251,20789058445,16225224806,-1,1966.254552,6.453851345,165.4510689,68.38946709,203008892.7
India,2018-06-30,20735817258,23764472040,-3028654782,-1,1966.254552,6.453851345,165.4510689,68.38946709,203008892.7
India,2018-09-30,22761674483,15317179258,7444495225,-1,1966.254552,6.453851345,165.4510689,68.38946709,203008892.7
India,2018-12-31,23399959347,17069695021,6330264326,-1,1966.254552,6.453851345,165.4510689,68.38946709,203008892.7
India,2019-03-31,18285026891,26007977073,-7722950182,-1,2041.428637,3.871436941,171.621576,70.42034054,227032135.1
India,2019-06-30,24600006066,19925368473,4674637593,-1,2041.428637,3.871436941,171.621576,70.42034054,227032135.1
India,2019-09-30,16904092872,15037233714,1866859158,-1,2041.428637,3.871436941,171.621576,70.42034054,227032135.1
India,2019-12-31,22246708303,23546016902,-1299308599,-1,2041.428637,3.871436941,171.621576,70.42034054,227032135.1
India,2020-03-31,34901187755,30797697261,4103490494,-1,1907.042516,-5.777724707,182.9888226,74.09956688,309498794.5
India,2020-06-30,19553774503,17816529211,1737245292,-1,1907.042516,-5.777724707,182.9888226,74.09956688,309498794.5
India,2020-09-30,-519470861.7,20149139886,-20668610748,-1,1907.042516,-5.777724707,182.9888226,74.09956688,309498794.5
India,2020-12-31,12066505751,35386768905,-23320263154,-1,1907.042516,-5.777724707,182.9888226,74.09956688,309498794.5
India,2021-03-31,24647479502,26420375819,-1772896317,-1,2239.613844,9.689592492,192.3787247,73.91801282,285086994.7
India,2021-06-30,27327228838,12993080458,14334148380,-1,2239.613844,9.689592492,192.3787247,73.91801282,285086994.7
India,2021-09-30,43173857918,19203999466,23969858452,-1,2239.613844,9.689592492,192.3787247,73.91801282,285086994.7
India,2021-12-31,42365655153,22424534051,19941121102,-1,2239.613844,9.689592492,192.3787247,73.91801282,285086994.7
India,2022-03-31,25840158038,38640807993,-12800649955,-1,2347.448294,7.609364978,205.2662411,78.60449058,241665878.3
India,2022-06-30,43129563299,32009058519,11120504780,-1,2347.448294,7.609364978,205.2662411,78.60449058,241665878.3
India,2022-09-30,5860863071,23852319825,-17991456754,-1,2347.448294,7.609364978,205.2662411,78.60449058,241665878.3
India,2022-12-31,43045177706,24916912461,18128265245,-1,2347.448294,7.609364978,205.2662411,78.60449058,241665878.3
Indonesia,1998-03-31,3553000000,5699100000,-2146100000,1,454.8778008,-13.12672549,35.23487223,10013.6225,51894910.91
Indonesia,1998-06-30,-1827000000,2850600000,-4677600000,1,454.8778008,-13.12672549,35.23487223,10013.6225,51894910.91
Indonesia,1998-09-30,-94000000,469100000,-563100000,1,454.8778008,-13.12672549,35.23487223,10013.6225,51894910.91
Indonesia,1998-12-31,290000000,2047500000,-1757500000,1,454.8778008,-13.12672549,35.23487223,10013.6225,51894910.91
Indonesia,1999-03-31,2007000000,4282340000,-2275340000,1,657.2689347,0.791126082,42.45021033,7855.15,41604123.1
Indonesia,1999-06-30,-751600000,1832532000,-2584132000,1,657.2689347,0.791126082,42.45021033,7855.15,41604123.1
Indonesia,1999-09-30,624200000,1384300994,-760100994,1,657.2689347,0.791126082,42.45021033,7855.15,41604123.1
Indonesia,1999-12-31,-15250000,1394884709,-1410134709,1,657.2689347,0.791126082,42.45021033,7855.15,41604123.1
Indonesia,2000-03-31,43520812.66,854143480.1,-810622667.4,1,763.711125,4.920067747,44.01603744,8421.775,38434597.33
Indonesia,2000-06-30,1142312220,1549644640,-407332420,1,763.711125,4.920067747,44.01603744,8421.775,38434597.33
Indonesia,2000-09-30,430521187.2,1207514134,-776992946.8,1,763.711125,4.920067747,44.01603744,8421.775,38434597.33
Indonesia,2000-12-31,444375972.5,516764461.9,-72388489.4,1,763.711125,4.920067747,44.01603744,8421.775,38434597.33
Indonesia,2001-03-31,462643537.8,2007363521,-1544719983,1,732.3070934,3.643466447,49.07793283,10260.85,38376845.5
Indonesia,2001-06-30,124650489.7,1686743649,-1562093159,1,732.3070934,3.643466447,49.07793283,10260.85,38376845.5
Indonesia,2001-09-30,-19135992.57,2266274093,-2285410086,1,732.3070934,3.643466447,49.07793283,10260.85,38376845.5
Indonesia,2001-12-31,-199355597.2,631431653.1,-830787250.3,1,732.3070934,3.643466447,49.07793283,10260.85,38376845.5
Indonesia,2002-03-31,-87604341.3,1172867176,-1260471517,1,881.0029136,4.499475391,54.91826574,9311.191667,36360362.44
Indonesia,2002-06-30,-289744831.2,743709464.4,-1033454296,1,881.0029136,4.499475391,54.91826574,9311.191667,36360362.44
Indonesia,2002-09-30,140064562.7,1210855882,-1070791319,1,881.0029136,4.499475391,54.91826574,9311.191667,36360362.44
Indonesia,2002-12-31,-484565331,1570122795,-2054688126,1,881.0029136,4.499475391,54.91826574,9311.191667,36360362.44
Indonesia,2003-03-31,189421678,938809080,-749387402,1,1043.210584,4.780369122,58.62926461,8577.133333,34754443.83
Indonesia,2003-06-30,-901094209.8,1726692842,-2627787052,1,1043.210584,4.780369122,58.62926461,8577.133333,34754443.83
Indonesia,2003-09-30,-121077747.4,1008280872,-1129358619,1,1043.210584,4.780369122,58.62926461,8577.133333,34754443.83
Indonesia,2003-12-31,-1413518124,1869688574,-3283206698,1,1043.210584,4.780369122,58.62926461,8577.133333,34754443.83
Indonesia,2004-03-31,-982358711.1,3659063810,-4641422521,1,1126.840044,5.030873945,62.18457951,8938.85,32223503.32
Indonesia,2004-06-30,38170155.63,1358246241,-1320076085,1,1126.840044,5.030873945,62.18457951,8938.85,32223503.32
Indonesia,2004-09-30,-1540016172,1323550205,-2863566377,1,1126.840044,5.030873945,62.18457951,8938.85,32223503.32
Indonesia,2004-12-31,-2909951428,1965182043,-4875133471,1,1126.840044,5.030873945,62.18457951,8938.85,32223503.32
Indonesia,2005-03-31,235623219.9,2411092598,-2175469378,1,1238.214476,5.692571304,68.68485809,9704.741667,28049097.89
Indonesia,2005-06-30,2620224293,2939912907,-319688614,1,1238.214476,5.692571304,68.68485809,9704.741667,28049097.89
Indonesia,2005-09-30,2910722945,8527024342,-5616301397,1,1238.214476,5.692571304,68.68485809,9704.741667,28049097.89
Indonesia,2005-12-31,-1310199980,3430894265,-4741094245,1,1238.214476,5.692571304,68.68485809,9704.741667,28049097.89
Indonesia,2006-03-31,-2365705437,6489027125,-8854732562,1,1558.315628,5.500951785,77.68853015,9159.316667,27335309.68
Indonesia,2006-06-30,-747603659.5,3584638774,-4332242434,1,1558.315628,5.500951785,77.68853015,9159.316667,27335309.68
Indonesia,2006-09-30,29287901.23,2197220867,-2167932966,1,1558.315628,5.500951785,77.68853015,9159.316667,27335309.68
Indonesia,2006-12-31,394185282.5,6456249217,-6062063935,1,1558.315628,5.500951785,77.68853015,9159.316667,27335309.68
Indonesia,2007-03-31,-2386830000,3440500000,-5827330000,1,1823.219763,6.345022227,82.66569313,9141,31228130.14
Indonesia,2007-06-30,-1526890000,9041160000,-10568050000,1,1823.219763,6.345022227,82.66569313,9141,31228130.14
Indonesia,2007-09-30,1895090000,4141020000,-2245930000,1,1823.219763,6.345022227,82.66569313,9141,31228130.14
Indonesia,2007-12-31,938190000,1866620000,-928430000,1,1823.219763,6.345022227,82.66569313,9141,31228130.14
Indonesia,2008-03-31,687713481.8,5967034447,-5279320965,1,2124.554839,6.0137036,91.11963773,9698.9625,24306562.85
Indonesia,2008-06-30,-2213291307,6469921983,-8683213290,1,2124.554839,6.0137036,91.11963773,9698.9625,24306562.85
Indonesia,2008-09-30,1547429051,515327118.8,1032101932,1,2124.554839,6.0137036,91.11963773,9698.9625,24306562.85
Indonesia,2008-12-31,8968847162,6198037648,2770809514,1,2124.554839,6.0137036,91.11963773,9698.9625,24306562.85
Indonesia,2009-03-31,-1708965220,2579845906,-4288811126,1,2218.485419,4.628871183,95.11652148,10389.9375,29803629.73
Indonesia,2009-06-30,1050003947,6348360804,-5298356857,1,2218.485419,4.628871183,95.11652148,10389.9375,29803629.73
Indonesia,2009-09-30,3111187683,4031437927,-920250244,1,2218.485419,4.628871183,95.11652148,10389.9375,29803629.73
Indonesia,2009-12-31,-786196640.3,5728430644,-6514627284,1,2218.485419,4.628871183,95.11652148,10389.9375,29803629.73
Indonesia,2010-03-31,-3320950370,9737795672,-13058746042,1,3065.683484,6.223854181,100,9090.433333,31383207.4
Indonesia,2010-06-30,-1610342402,1877290570,-3487632972,1,3065.683484,6.223854181,100,9090.433333,31383207.4
Indonesia,2010-09-30,-2501384927,8620181216,-11121566143,1,3065.683484,6.223854181,100,9090.433333,31383207.4
Indonesia,2010-12-31,-3949655017,6233882921,-10183537938,1,3065.683484,6.223854181,100,9090.433333,31383207.4
Indonesia,2011-03-31,-1847549530,5832813628,-7680363158,0,3579.464425,6.169784208,105.3560485,8770.433333,30769015.86
Indonesia,2011-06-30,-7473080058,9744286261,-17217366319,0,3579.464425,6.169784208,105.3560485,8770.433333,30769015.86
Indonesia,2011-09-30,14431541314,11889399329,2542141985,0,3579.464425,6.169784208,105.3560485,8770.433333,30769015.86
Indonesia,2011-12-31,-2232159155,4023497564,-6255656719,0,3579.464425,6.169784208,105.3560485,8770.433333,30769015.86
Indonesia,2012-03-31,830065040.9,5414287485,-4584222444,0,3632.27254,6.030050653,109.8647756,9386.629167,31054285.32
Indonesia,2012-06-30,-1156672777,6795173623,-7951846400,0,3632.27254,6.030050653,109.8647756,9386.629167,31054285.32
Indonesia,2012-09-30,-2547461850,4463751484,-7011213334,0,3632.27254,6.030050653,109.8647756,9386.629167,31054285.32
Indonesia,2012-12-31,-1694268630,12877319946,-14571588576,0,3632.27254,6.030050653,109.8647756,9386.629167,31054285.32
Indonesia,2013-03-31,3039144205,11934958736,-8895814531,0,3566.602845,5.557263689,116.9098484,10461.24,27865963.93
Indonesia,2013-06-30,-7504976006,5329949968,-12834925974,0,3566.602845,5.557263689,116.9098484,10461.24,27865963.93
Indonesia,2013-09-30,1235531513,4585576842,-3350045329,0,3566.602845,5.557263689,116.9098484,10461.24,27865963.93
Indonesia,2013-12-31,-3880566316,8675176722,-12555743038,0,3566.602845,5.557263689,116.9098484,10461.24,27865963.93
Indonesia,2014-03-31,-5375978567,13020916768,-18396895335,0,3441.068085,5.006668426,124.38615,11865.2113,32508102.66
Indonesia,2014-06-30,-8465824318,11128758036,-19594582354,0,3441.068085,5.006668426,124.38615,11865.2113,32508102.66
Indonesia,2014-09-30,-4518010306,7537484466,-12055494772,0,3441.068085,5.006668426,124.38615,11865.2113,32508102.66
Indonesia,2014-12-31,-4124435495,5380379316,-9504814811,0,3441.068085,5.006668426,124.38615,11865.2113,32508102.66
Indonesia,2015-03-31,-3470798587,14111091446,-17581890033,0,3288.222697,4.8763223,132.3009907,13389.41294,32214620.74
Indonesia,2015-06-30,-154283302.6,14236141926,-14390425229,0,3288.222697,4.8763223,132.3009907,13389.41294,32214620.74
Indonesia,2015-09-30,3911678341,2075128730,1836549611,0,3288.222697,4.8763223,132.3009907,13389.41294,32214620.74
Indonesia,2015-12-31,-4677105629,6926548583,-11603654212,0,3288.222697,4.8763223,132.3009907,13389.41294,32214620.74
Indonesia,2016-03-31,-4017924752,8003965016,-12021889768,0,3521.469435,5.033069183,136.9656651,13308.3268,33045750.93
Indonesia,2016-06-30,-4310509409,12619005345,-16929514754,0,3521.469435,5.033069183,136.9656651,13308.3268,33045750.93
Indonesia,2016-09-30,-7056962755,8043878272,-15100841027,0,3521.469435,5.033069183,136.9656651,13308.3268,33045750.93
Indonesia,2016-12-31,-5100212984,4846299321,-9946512305,0,3521.469435,5.033069183,136.9656651,13308.3268,33045750.93
Indonesia,2017-03-31,-3388674759,10455561716,-13844236475,0,3798.883262,5.069785901,142.1824114,13380.83388,34277265.56
Indonesia,2017-06-30,-200966914.7,15846843926,-16047810841,0,3798.883262,5.069785901,142.1824114,13380.83388,34277265.56
Indonesia,2017-09-30,-1598506752,5977936972,-7576443724,0,3798.883262,5.069785901,142.1824114,13380.83388,34277265.56
Indonesia,2017-12-31,-2255846044,4301402073,-6557248117,0,3798.883262,5.069785901,142.1824114,13380.83388,34277265.56
Indonesia,2018-03-31,5472213571,2161317452,3310896119,0,3860.953531,5.17429154,146.7298991,14236.93877,31251599.67
Indonesia,2018-06-30,188086937.3,2212966696,-2024879759,0,3860.953531,5.17429154,146.7298991,14236.93877,31251599.67
Indonesia,2018-09-30,4048314927,2185843806,1862471121,0,3860.953531,5.17429154,146.7298991,14236.93877,31251599.67
Indonesia,2018-12-31,-10820722546,16385614661,-27206337207,0,3860.953531,5.17429154,146.7298991,14236.93877,31251599.67
Indonesia,2019-03-31,851957071,7623432857,-6771475786,0,4106.948562,5.01928768,151.1766728,14147.67136,31455583.65
Indonesia,2019-06-30,-2275806614,8458543382,-10734349996,0,4106.948562,5.01928768,151.1766728,14147.67136,31455583.65
Indonesia,2019-09-30,-1391316729,7420079718,-8811396447,0,4106.948562,5.01928768,151.1766728,14147.67136,31455583.65
Indonesia,2019-12-31,-7158659078,9125663318,-16284322396,0,4106.948562,5.01928768,151.1766728,14147.67136,31455583.65
Indonesia,2020-03-31,10841451956,7808008320,3033443636,0,3853.702888,-2.065511829,154.0790159,14582.20347,35268914.49
Indonesia,2020-06-30,-8669574718,14485783482,-23155358200,0,3853.702888,-2.065511829,154.0790159,14582.20347,35268914.49
Indonesia,2020-09-30,1528011320,3723174915,-2195163595,0,3853.702888,-2.065511829,154.0790159,14582.20347,35268914.49
Indonesia,2020-12-31,4821828834,10379555648,-5557726814,0,3853.702888,-2.065511829,154.0790159,14582.20347,35268914.49
Indonesia,2021-03-31,-2059185849,9545447677,-11604633526,0,4287.17314,3.702885628,156.48277,14308.1439,33800316.67
Indonesia,2021-06-30,-1017249417,12834423551,-13851672968,0,4287.17314,3.702885628,156.48277,14308.1439,33800316.67
Indonesia,2021-09-30,3970835060,4268173253,-297338193,0,4287.17314,3.702885628,156.48277,14308.1439,33800316.67
Indonesia,2021-12-31,3173726889,7072998828,-3899271939,0,4287.17314,3.702885628,156.48277,14308.1439,33800316.67
Indonesia,2022-03-31,8636551740,5934324863,2702226877,0,4730.834848,5.307197227,163.0698569,14849.85394,29005949.38
Indonesia,2022-06-30,7039064522,7443498651,-404434129,0,4730.834848,5.307197227,163.0698569,14849.85394,29005949.38
Indonesia,2022-09-30,9272355260,8081873487,1190481773,0,4730.834848,5.307197227,163.0698569,14849.85394,29005949.38
Indonesia,2022-12-31,2518357081,3388722399,-870365318,0,4730.834848,5.307197227,163.0698569,14849.85394,29005949.38
Mexico,1998-03-31,-3128932627,3698231627,-6827164254,1,5832.69342,6.185078931,49.59820709,9.13604175,5462859.04
Mexico,1998-06-30,1635737159,1459773159,175964000,1,5832.69342,6.185078931,49.59820709,9.13604175,5462859.04
Mexico,1998-09-30,987873503,4484264503,-3496391000,1,5832.69342,6.185078931,49.59820709,9.13604175,5462859.04
Mexico,1998-12-31,-6687089739,2984658739,-9671748478,1,5832.69342,6.185078931,49.59820709,9.13604175,5462859.04
Mexico,1999-03-31,4122566665,5203656335,-1081089670,1,6499.97183,2.755030393,57.82437574,9.5603975,4896698.349
Mexico,1999-06-30,-1715622057,5286207057,-7001829114,1,6499.97183,2.755030393,57.82437574,9.5603975,4896698.349
Mexico,1999-09-30,-2159077011,4220779011,-6379856022,1,6499.97183,2.755030393,57.82437574,9.5603975,4896698.349
Mexico,1999-12-31,-321368344,1802831344,-2124199688,1,6499.97183,2.755030393,57.82437574,9.5603975,4896698.349
Mexico,2000-03-31,-5687436051,5955356051,-11642792102,1,7524.027138,5.029283994,63.31281192,9.455558333,4728488.933
Mexico,2000-06-30,3498663373,4579857627,-1081194254,1,7524.027138,5.029283994,63.31281192,9.455558333,4728488.933
Mexico,2000-09-30,-1009983397,5061079603,-6071063000,1,7524.027138,5.029283994,63.31281192,9.455558333,4728488.933
Mexico,2000-12-31,511088297,7227669297,-6716581000,1,7524.027138,5.029283994,63.31281192,9.455558333,4728488.933
Mexico,2001-03-31,-5748426630,4133696630,-9882123260,1,7952.764795,-0.450845253,67.34440594,9.342341667,5633847.967
Mexico,2001-06-30,730355009,1698780991,-968425982,1,7952.764795,-0.450845253,67.34440594,9.342341667,5633847.967
Mexico,2001-09-30,5818386215,4740341215,1078045000,1,7952.764795,-0.450845253,67.34440594,9.342341667,5633847.967
Mexico,2001-12-31,-5537933315,3241390685,-8779324000,1,7952.764795,-0.450845253,67.34440594,9.342341667,5633847.967
Mexico,2002-03-31,1810759063,902868631,907890432,0,7983.033984,-0.236588002,70.73231938,9.655958333,6347392.764
Mexico,2002-06-30,2781339300,4636838517,-1855499217,0,7983.033984,-0.236588002,70.73231938,9.655958333,6347392.764
Mexico,2002-09-30,1790439103,3846355916,-2055916813,0,7983.033984,-0.236588002,70.73231938,9.655958333,6347392.764
Mexico,2002-12-31,-360362222,1456512399,-1816874621,0,7983.033984,-0.236588002,70.73231938,9.655958333,6347392.764
Mexico,2003-03-31,-2996480930,7794406795,-10790887725,0,7434.07465,1.185544867,73.94844729,10.78901917,7940019.853
Mexico,2003-06-30,1085380004,1931537650,-846157646,0,7434.07465,1.185544867,73.94844729,10.78901917,7940019.853
Mexico,2003-09-30,2534573783,7550825859,-5016252076,0,7434.07465,1.185544867,73.94844729,10.78901917,7940019.853
Mexico,2003-12-31,-1433392660,12812145241,-14245537901,0,7434.07465,1.185544867,73.94844729,10.78901917,7940019.853
Mexico,2004-03-31,2870587453,5904341297,-3033753844,1,7849.667596,3.565441026,77.41545284,11.28596667,8178906.823
Mexico,2004-06-30,5480307577,5791925880,-311618303,1,7849.667596,3.565441026,77.41545284,11.28596667,8178906.823
Mexico,2004-09-30,1868213101,6733171421,-4864958320,1,7849.667596,3.565441026,77.41545284,11.28596667,8178906.823
Mexico,2004-12-31,-2038503077,1969502199,-4008005276,1,7849.667596,3.565441026,77.41545284,11.28596667,8178906.823
Mexico,2005-03-31,-186901390,6190259442,-6377160832,1,8671.758919,2.113247115,80.50282534,10.89789167,8546098.207
Mexico,2005-06-30,1510698122,2458769990,-948071868,1,8671.758919,2.113247115,80.50282534,10.89789167,8546098.207
Mexico,2005-09-30,3372636419,1584881720,1787754699,1,8671.758919,2.113247115,80.50282534,10.89789167,8546098.207
Mexico,2005-12-31,1899860793,1078938573,820922220,1,8671.758919,2.113247115,80.50282534,10.89789167,8546098.207
Mexico,2006-03-31,11020385134,8018094598,3002290536,1,9512.635753,4.805013517,83.42464932,10.89924167,8023997.679
Mexico,2006-06-30,-2400043620,15291538996,-17691582616,1,9512.635753,4.805013517,83.42464932,10.89924167,8023997.679
Mexico,2006-09-30,-1053371645,14394815068,-15448186713,1,9512.635753,4.805013517,83.42464932,10.89924167,8023997.679
Mexico,2006-12-31,-3386423288,17097748193,-20484171481,1,9512.635753,4.805013517,83.42464932,10.89924167,8023997.679
Mexico,2007-03-31,7172259777,1635223323,5537036454,1,10134.33271,2.07786394,86.73397923,10.92819167,8605221.32
Mexico,2007-06-30,878121183,5716301531,-4838180348,1,10134.33271,2.07786394,86.73397923,10.92819167,8605221.32
Mexico,2007-09-30,-5230255714,16016093073,-21246348787,1,10134.33271,2.07786394,86.73397923,10.92819167,8605221.32
Mexico,2007-12-31,-3481097700,10630254616,-14111352316,1,10134.33271,2.07786394,86.73397923,10.92819167,8605221.32
Mexico,2008-03-31,5906033637,7361342331,-1455308694,1,10523.76854,0.943331873,91.1790807,11.12971667,9055675.996
Mexico,2008-06-30,4327928058,6545839005,-2217910947,1,10523.76854,0.943331873,91.1790807,11.12971667,9055675.996
Mexico,2008-09-30,-9000963424,10279139531,-19280102955,1,10523.76854,0.943331873,91.1790807,11.12971667,9055675.996
Mexico,2008-12-31,-4239808047,13320520841,-17560328888,1,10523.76854,0.943331873,91.1790807,11.12971667,9055675.996
Mexico,2009-03-31,12053267130,10005252640,2048014490,1,8423.569332,-6.295250567,96.00916106,13.513475,11858252.9
Mexico,2009-06-30,6831238951,8188690154,-1357451203,1,8423.569332,-6.295250567,96.00916106,13.513475,11858252.9
Mexico,2009-09-30,-19558767143,14806992464,-34365759607,1,8423.569332,-6.295250567,96.00916106,13.513475,11858252.9
Mexico,2009-12-31,-8982775612,21618635384,-30601410996,1,8423.569332,-6.295250567,96.00916106,13.513475,11858252.9
Mexico,2010-03-31,-5237342069,13892740686,-19130082755,1,9728.800782,4.971334578,100,12.63600833,12394540.62
Mexico,2010-06-30,-8094415289,7652051731,-15746467020,1,9728.800782,4.971334578,100,12.63600833,12394540.62
Mexico,2010-09-30,-10161405651,16851454803,-27012860454,1,9728.800782,4.971334578,100,12.63600833,12394540.62
Mexico,2010-12-31,-13071351029,14762701391,-27834052420,1,9728.800782,4.971334578,100,12.63600833,12394540.62
Mexico,2011-03-31,-13935034313,15865427829,-29800462142,1,10664.4944,3.444045063,103.4073782,12.423325,13991109.96
Mexico,2011-06-30,-14449598933,14650236352,-29099835285,1,10664.4944,3.444045063,103.4073782,12.423325,13991109.96
Mexico,2011-09-30,-1962113143,18892083981,-20854197124,1,10664.4944,3.444045063,103.4073782,12.423325,13991109.96
Mexico,2011-12-31,-9486914054,9857258415,-19344172469,1,10664.4944,3.444045063,103.4073782,12.423325,13991109.96
Mexico,2012-03-31,-18746773090,28956075033,-47702848123,1,10744.13352,3.553210755,107.6589827,13.16945833,15550419.67
Mexico,2012-06-30,8305357873,20938226108,-12632868235,1,10744.13352,3.553210755,107.6589827,13.16945833,15550419.67
Mexico,2012-09-30,-17589771549,26199099782,-43788871331,1,10744.13352,3.553210755,107.6589827,13.16945833,15550419.67
Mexico,2012-12-31,-17937492615,21049541801,-38987034416,1,10744.13352,3.553210755,107.6589827,13.16945833,15550419.67
Mexico,2013-03-31,-9989500573,15486438896,-25475939469,1,11216.80085,0.85210155,111.7569043,12.77199167,16065189.69
Mexico,2013-06-30,16850352318,15816993264,1033359054,1,11216.80085,0.85210155,111.7569043,12.77199167,16065189.69
Mexico,2013-09-30,-10993912724,22145451687,-33139364411,1,11216.80085,0.85210155,111.7569043,12.77199167,16065189.69
Mexico,2013-12-31,-17249224201,27129165510,-44378389711,1,11216.80085,0.85210155,111.7569043,12.77199167,16065189.69
Mexico,2014-03-31,-13186150797,15427724271,-28613875068,1,11391.37735,2.503763499,116.2479852,13.29245,17178047.79
Mexico,2014-06-30,-13300985320,42606863522,-55907848842,1,11391.37735,2.503763499,116.2479852,13.29245,17178047.79
Mexico,2014-09-30,-6816052575,12295846658,-19111899233,1,11391.37735,2.503763499,116.2479852,13.29245,17178047.79
Mexico,2014-12-31,-17211281275,22828863883,-40040145158,1,11391.37735,2.503763499,116.2479852,13.29245,17178047.79
Mexico,2015-03-31,-5333008234,29056740277,-34389748511,1,10021.23861,2.702323448,119.4106751,15.84826667,17722024.14
Mexico,2015-06-30,-10784074661,18903895223,-29687969884,1,10021.23861,2.702323448,119.4106751,15.84826667,17722024.14
Mexico,2015-09-30,2401482715,23685168849,-21283686134,1,10021.23861,2.702323448,119.4106751,15.84826667,17722024.14
Mexico,2015-12-31,-8840964571,5709293400,-14550257971,1,10021.23861,2.702323448,119.4106751,15.84826667,17722024.14
Mexico,2016-03-31,-10894781541,34345377537,-45240159078,1,9097.923977,1.772493234,122.7800955,18.66405833,19562005.32
Mexico,2016-06-30,-6647354315,8549909878,-15197264193,1,9097.923977,1.772493234,122.7800955,18.66405833,19562005.32
Mexico,2016-09-30,-646586036,26121773352,-26768359388,1,9097.923977,1.772493234,122.7800955,18.66405833,19562005.32
Mexico,2016-12-31,-10921153302,18056367012,-28977520314,1,9097.923977,1.772493234,122.7800955,18.66405833,19562005.32
Mexico,2017-03-31,3094522054,36724645212,-33630123158,1,9649.278168,1.871728542,130.1978025,18.92651667,18184745.65
Mexico,2017-06-30,-5402261013,13184193177,-18586454190,1,9649.278168,1.871728542,130.1978025,18.92651667,18184745.65
Mexico,2017-09-30,-7504751424,18976440135,-26481191559,1,9649.278168,1.871728542,130.1978025,18.92651667,18184745.65
Mexico,2017-12-31,-20373769323,22653313289,-43027082612,1,9649.278168,1.871728542,130.1978025,18.92651667,18184745.65
Mexico,2018-03-31,-7815599038,21339189433,-29154788471,1,10084.79376,1.972082077,136.5766487,19.24434167,17490717.5
Mexico,2018-06-30,-7130586128,18179591745,-25310177873,1,10084.79376,1.972082077,136.5766487,19.24434167,17490717.5
Mexico,2018-09-30,-12769060941,12926757381,-25695818322,1,10084.79376,1.972082077,136.5766487,19.24434167,17490717.5
Mexico,2018-12-31,-8886878123,9559321882,-18446200005,1,10084.79376,1.972082077,136.5766487,19.24434167,17490717.5
Mexico,2019-03-31,-12117475218,21588105800,-33705581018,1,10369.55536,-0.392690505,141.542523,19.26363333,17653225.02
Mexico,2019-06-30,-7603702536,13491242305,-21094944841,1,10369.55536,-0.392690505,141.542523,19.26363333,17653225.02
Mexico,2019-09-30,-143065034,13910357057,-14053422091,1,10369.55536,-0.392690505,141.542523,19.26363333,17653225.02
Mexico,2019-12-31,-9501433509,12024194882,-21525628391,1,10369.55536,-0.392690505,141.542523,19.26363333,17653225.02
Mexico,2020-03-31,-8787571537,25090120496,-33877692033,1,8841.270751,-8.354034566,146.3504877,21.48560833,22515902.35
Mexico,2020-06-30,-11005670373,14418002126,-25423672499,1,8841.270751,-8.354034566,146.3504877,21.48560833,22515902.35
Mexico,2020-09-30,5031597258,15751993912,-10720396654,1,8841.270751,-8.354034566,146.3504877,21.48560833,22515902.35
Mexico,2020-12-31,7819002689,20132845346,-12313842657,1,8841.270751,-8.354034566,146.3504877,21.48560833,22515902.35
Mexico,2021-03-31,-1840561068,9396060510,-11236621578,1,10314.05067,6.048483457,154.6766721,20.27240833,20147224.11
Mexico,2021-06-30,7472951985,18209396668,-10736444683,1,10314.05067,6.048483457,154.6766721,20.27240833,20147224.11
Mexico,2021-09-30,-15562559737,26050535199,-41613094936,1,10314.05067,6.048483457,154.6766721,20.27240833,20147224.11
Mexico,2021-12-31,6754980577,15859253788,-9104273211,1,10314.05067,6.048483457,154.6766721,20.27240833,20147224.11
Mexico,2022-03-31,-3573420716,14695101241,-18268521957,1,11402.14104,3.710988931,166.8903693,20.12735,17638677.62
Mexico,2022-06-30,-1770021172,16408396138,-18178417310,1,11402.14104,3.710988931,166.8903693,20.12735,17638677.62
Mexico,2022-09-30,-11576645489,14308821695,-25885467184,1,11402.14104,3.710988931,166.8903693,20.12735,17638677.62
Mexico,2022-12-31,-3890827222,16332997886,-20223825108,1,11402.14104,3.710988931,166.8903693,20.12735,17638677.62
Poland,1998-03-31,0,0,0,-1,4533.535655,4.621611338,64.5770911,3.4754,6237151.823
Poland,1998-06-30,0,0,0,-1,4533.535655,4.621611338,64.5770911,3.4754,6237151.823
Poland,1998-09-30,0,0,0,-1,4533.535655,4.621611338,64.5770911,3.4754,6237151.823
Poland,1998-12-31,0,0,0,-1,4533.535655,4.621611338,64.5770911,3.4754,6237151.823
Poland,1999-03-31,0,0,0,-1,4415.500675,4.699184792,69.19698328,3.967108333,6185992.699
Poland,1999-06-30,0,0,0,-1,4415.500675,4.699184792,69.19698328,3.967108333,6185992.699
Poland,1999-09-30,0,0,0,-1,4415.500675,4.699184792,69.19698328,3.967108333,6185992.699
Poland,1999-12-31,0,0,0,-1,4415.500675,4.699184792,69.19698328,3.967108333,6185992.699
Poland,2000-03-31,4585000000,856000000,3729000000,-1,4520.641004,4.65633253,76.04760599,4.346075,6076434.601
Poland,2000-06-30,34000000,759000000,-725000000,-1,4520.641004,4.65633253,76.04760599,4.346075,6076434.601
Poland,2000-09-30,518000000,905000000,-387000000,-1,4520.641004,4.65633253,76.04760599,4.346075,6076434.601
Poland,2000-12-31,731000000,3519000000,-2788000000,-1,4520.641004,4.65633253,76.04760599,4.346075,6076434.601
Poland,2001-03-31,3051000000,1898000000,1153000000,-1,5015.2379,1.233744644,80.16051562,4.0939,5296475.933
Poland,2001-06-30,-2171000000,544000000,-2715000000,-1,5015.2379,1.233744644,80.16051562,4.0939,5296475.933
Poland,2001-09-30,153000000,698000000,-545000000,-1,5015.2379,1.233744644,80.16051562,4.0939,5296475.933
Poland,2001-12-31,3780000000,2616000000,1164000000,-1,5015.2379,1.233744644,80.16051562,4.0939,5296475.933
Poland,2002-03-31,1878000000,992000000,886000000,0,5223.45179,1.90119438,81.68779962,4.080033333,5701950.324
Poland,2002-06-30,1115000000,816000000,299000000,0,5223.45179,1.90119438,81.68779962,4.080033333,5701950.324
Poland,2002-09-30,-428000000,2356000000,-2784000000,0,5223.45179,1.90119438,81.68779962,4.080033333,5701950.324
Poland,2002-12-31,-899000000,670000000,-1569000000,0,5223.45179,1.90119438,81.68779962,4.080033333,5701950.324
Poland,2003-03-31,5114000000,2079000000,3035000000,0,5720.813662,3.523371172,82.24548335,3.889075,5936037.419
Poland,2003-06-30,-2463000000,1574000000,-4037000000,0,5720.813662,3.523371172,82.24548335,3.889075,5936037.419
Poland,2003-09-30,-3475000000,3597000000,-7072000000,0,5720.813662,3.523371172,82.24548335,3.889075,5936037.419
Poland,2003-12-31,2606000000,3113000000,-507000000,0,5720.813662,3.523371172,82.24548335,3.889075,5936037.419
Poland,2004-03-31,6050000000,2551000000,3499000000,0,6711.727153,5.090795464,85.02755758,3.657641667,5478882.347
Poland,2004-06-30,4471000000,4169000000,302000000,0,6711.727153,5.090795464,85.02755758,3.657641667,5478882.347
Poland,2004-09-30,2883000000,1046000000,1837000000,0,6711.727153,5.090795464,85.02755758,3.657641667,5478882.347
Poland,2004-12-31,10166000000,5591000000,4575000000,0,6711.727153,5.090795464,85.02755758,3.657641667,5478882.347
Poland,2005-03-31,9970000000,1552000000,8418000000,0,8043.923323,3.260822747,86.88438829,3.235483333,5291032.074
Poland,2005-06-30,10787000000,1702000000,9085000000,0,8043.923323,3.260822747,86.88438829,3.235483333,5291032.074
Poland,2005-09-30,2567000000,2784000000,-217000000,0,8043.923323,3.260822747,86.88438829,3.235483333,5291032.074
Poland,2005-12-31,-3913000000,1292000000,-5205000000,0,8043.923323,3.260822747,86.88438829,3.235483333,5291032.074
Poland,2006-03-31,7123000000,2557000000,4566000000,0,9068.855283,6.202107109,88.00058677,3.103158333,5345101.081
Poland,2006-06-30,-6453000000,904000000,-7357000000,0,9068.855283,6.202107109,88.00058677,3.103158333,5345101.081
Poland,2006-09-30,-2275000000,1677000000,-3952000000,0,9068.855283,6.202107109,88.00058677,3.103158333,5345101.081
Poland,2006-12-31,-2136000000,3516000000,-5652000000,0,9068.855283,6.202107109,88.00058677,3.103158333,5345101.081
Poland,2007-03-31,-2029000000,2365000000,-4394000000,0,11272.52937,6.760447853,90.16429514,2.76795,5830531.23
Poland,2007-06-30,-11112000000,3898000000,-15010000000,0,11272.52937,6.760447853,90.16429514,2.76795,5830531.23
Poland,2007-09-30,-6877000000,4015000000,-10892000000,0,11272.52937,6.760447853,90.16429514,2.76795,5830531.23
Poland,2007-12-31,-6691000000,1833000000,-8524000000,0,11272.52937,6.760447853,90.16429514,2.76795,5830531.23
Poland,2008-03-31,-15988000000,4010000000,-19998000000,0,14048.56047,4.383770693,93.91961273,2.409241667,4426332.992
Poland,2008-06-30,-8860000000,2836000000,-11696000000,0,14048.56047,4.383770693,93.91961273,2.409241667,4426332.992
Poland,2008-09-30,-2201000000,2595000000,-4796000000,0,14048.56047,4.383770693,93.91961273,2.409241667,4426332.992
Poland,2008-12-31,-9248000000,7461000000,-16709000000,0,14048.56047,4.383770693,93.91961273,2.409241667,4426332.992
Poland,2009-03-31,-4033000000,4727000000,-8760000000,0,11556.30269,2.615128593,97.4842306,3.120141667,6881231.981
Poland,2009-06-30,3596000000,1315000000,2281000000,0,11556.30269,2.615128593,97.4842306,3.120141667,6881231.981
Poland,2009-09-30,3555000000,1482000000,2073000000,0,11556.30269,2.615128593,97.4842306,3.120141667,6881231.981
Poland,2009-12-31,1132000000,2581000000,-1449000000,0,11556.30269,2.615128593,97.4842306,3.120141667,6881231.981
Poland,2010-03-31,9293000000,968000000,8325000000,0,12567.73177,3.168927483,100,3.0153,7437499.927
Poland,2010-06-30,3173000000,1122000000,2051000000,0,12567.73177,3.168927483,100,3.0153,7437499.927
Poland,2010-09-30,4159000000,1094000000,3065000000,0,12567.73177,3.168927483,100,3.0153,7437499.927
Poland,2010-12-31,4982000000,4738000000,244000000,0,12567.73177,3.168927483,100,3.0153,7437499.927
Poland,2011-03-31,-8476000000,1515000000,-9991000000,0,13867.66694,5.255462566,104.2394015,2.962847778,7046061.588
Poland,2011-06-30,4407000000,2395000000,2012000000,0,13867.66694,5.255462566,104.2394015,2.962847778,7046061.588
Poland,2011-09-30,14486000000,3369000000,11117000000,0,13867.66694,5.255462566,104.2394015,2.962847778,7046061.588
Poland,2011-12-31,3342000000,3312000000,30000000,0,13867.66694,5.255462566,104.2394015,2.962847778,7046061.588
Poland,2012-03-31,2532000000,4012000000,-1480000000,0,13087.42094,1.511781676,107.9507115,3.256541667,8321135.54
Poland,2012-06-30,5706000000,1210000000,4496000000,0,13087.42094,1.511781676,107.9507115,3.256541667,8321135.54
Poland,2012-09-30,5410000000,1283000000,4127000000,0,13087.42094,1.511781676,107.9507115,3.256541667,8321135.54
Poland,2012-12-31,11054000000,5515000000,5539000000,0,13087.42094,1.511781676,107.9507115,3.256541667,8321135.54
Poland,2013-03-31,1438000000,2611000000,-1173000000,0,13621.90238,0.684240607,109.0215637,3.160616667,7797845.563
Poland,2013-06-30,-7441000000,4174000000,-11615000000,0,13621.90238,0.684240607,109.0215637,3.160616667,7797845.563
Poland,2013-09-30,-83000000,3537000000,-3620000000,0,13621.90238,0.684240607,109.0215637,3.160616667,7797845.563
Poland,2013-12-31,5560000000,2811000000,2749000000,0,13621.90238,0.684240607,109.0215637,3.160616667,7797845.563
Poland,2014-03-31,4007000000,3103000000,904000000,0,14262.28419,3.920508624,109.0802406,3.154541667,7043221.057
Poland,2014-06-30,4837000000,4335000000,502000000,0,14262.28419,3.920508624,109.0802406,3.154541667,7043221.057
Poland,2014-09-30,-1179000000,1718000000,-2897000000,0,14262.28419,3.920508624,109.0802406,3.154541667,7043221.057
Poland,2014-12-31,-1331000000,2426000000,-3757000000,0,14262.28419,3.920508624,109.0802406,3.154541667,7043221.057
Poland,2015-03-31,2759000000,2419000000,340000000,1,12637.52203,4.431767003,108.126742,3.7695,7509591.679
Poland,2015-06-30,-6857000000,4471000000,-11328000000,1,12637.52203,4.431767003,108.126742,3.7695,7509591.679
Poland,2015-09-30,5052000000,4629000000,423000000,1,12637.52203,4.431767003,108.126742,3.7695,7509591.679
Poland,2015-12-31,15143000000,11212000000,3931000000,1,12637.52203,4.431767003,108.126742,3.7695,7509591.679
Poland,2016-03-31,-13433000000,1888000000,-15321000000,1,12464.0121,3.031177676,107.4079507,3.942783333,9172691.608
Poland,2016-06-30,4483000000,5168000000,-685000000,1,12464.0121,3.031177676,107.4079507,3.942783333,9172691.608
Poland,2016-09-30,-2725000000,1647000000,-4372000000,1,12464.0121,3.031177676,107.4079507,3.942783333,9172691.608
Poland,2016-12-31,-2481000000,9795000000,-12276000000,1,12464.0121,3.031177676,107.4079507,3.942783333,9172691.608
Poland,2017-03-31,9653000000,3578000000,6075000000,1,13913.34152,5.152457733,109.6376705,3.779333333,8140917.688
Poland,2017-06-30,3030000000,2002000000,1028000000,1,13913.34152,5.152457733,109.6376705,3.779333333,8140917.688
Poland,2017-09-30,5597000000,2168000000,3429000000,1,13913.34152,5.152457733,109.6376705,3.779333333,8140917.688
Poland,2017-12-31,5544000000,5025000000,519000000,1,13913.34152,5.152457733,109.6376705,3.779333333,8140917.688
Poland,2018-03-31,-810000000,1329000000,-2139000000,1,15658.21059,6.245858472,111.6253484,3.611716667,7469348.792
Poland,2018-06-30,5627000000,4932000000,695000000,1,15658.21059,6.245858472,111.6253484,3.611716667,7469348.792
Poland,2018-09-30,-4082000000,927000000,-5009000000,1,15658.21059,6.245858472,111.6253484,3.611716667,7469348.792
Poland,2018-12-31,-97000000,2586000000,-2683000000,1,15658.21059,6.245858472,111.6253484,3.611716667,7469348.792
Poland,2019-03-31,2564000000,1099000000,1465000000,1,15874.52205,4.580458173,114.1117794,3.839375,8087938.488
Poland,2019-06-30,-5151000000,1727000000,-6878000000,1,15874.52205,4.580458173,114.1117794,3.839375,8087938.488
Poland,2019-09-30,-7266000000,3869000000,-11135000000,1,15874.52205,4.580458173,114.1117794,3.839375,8087938.488
Poland,2019-12-31,-6734000000,395000000,-7129000000,1,15874.52205,4.580458173,114.1117794,3.839375,8087938.488
Poland,2020-03-31,13037000000,7109000000,5928000000,1,16150.9291,-2.035568824,117.9624468,3.899741667,9548626.678
Poland,2020-06-30,-18047000000,6750000000,-24797000000,1,16150.9291,-2.035568824,117.9624468,3.899741667,9548626.678
Poland,2020-09-30,-2055000000,1490000000,-3545000000,1,16150.9291,-2.035568824,117.9624468,3.899741667,9548626.678
Poland,2020-12-31,5052000000,19791000000,-14739000000,1,16150.9291,-2.035568824,117.9624468,3.899741667,9548626.678
Poland,2021-03-31,-8204000000,4071000000,-12275000000,1,18635.50888,6.927182661,123.9254804,3.861916667,8909345.462
Poland,2021-06-30,-4190000000,1941000000,-6131000000,1,18635.50888,6.927182661,123.9254804,3.861916667,8909345.462
Poland,2021-09-30,-91000000,6904000000,-6995000000,1,18635.50888,6.927182661,123.9254804,3.861916667,8909345.462
Poland,2021-12-31,-2193000000,6723000000,-8916000000,1,18635.50888,6.927182661,123.9254804,3.861916667,8909345.462
Poland,2022-03-31,1468000000,12469000000,-11001000000,1,18891.21353,5.255456974,141.8072466,4.457758333,8822298.619
Poland,2022-06-30,6092000000,6244000000,-152000000,1,18891.21353,5.255456974,141.8072466,4.457758333,8822298.619
Poland,2022-09-30,124000000,5727000000,-5603000000,1,18891.21353,5.255456974,141.8072466,4.457758333,8822298.619
Poland,2022-12-31,-64000000,6653000000,-6717000000,1,18891.21353,5.255456974,141.8072466,4.457758333,8822298.619
South Africa,1998-03-31,-2191202465,3722034241,-5913236706,-1,3309.609331,0.5,54.14445469,5.528284167,1664260.848
South Africa,1998-06-30,-330519940.7,3362992075,-3693512016,-1,3309.609331,0.5,54.14445469,5.528284167,1664260.848
South Africa,1998-09-30,-702887986.7,3048585421,-3751473408,-1,3309.609331,0.5,54.14445469,5.528284167,1664260.848
South Africa,1998-12-31,434321679.5,2720307221,-2285985542,-1,3309.609331,0.5,54.14445469,5.528284167,1664260.848
South Africa,1999-03-31,781049725.6,2089755809,-1308706083,-1,3242.368305,2.399999997,56.94994368,6.109484167,2312100.223
South Africa,1999-06-30,-2582113662,2131936626,-4714050288,-1,3242.368305,2.399999997,56.94994368,6.109484167,2312100.223
South Africa,1999-09-30,-2890854973,2961535623,-5852390596,-1,3242.368305,2.399999997,56.94994368,6.109484167,2312100.223
South Africa,1999-12-31,-152954952.6,3313425429,-3466380382,-1,3242.368305,2.399999997,56.94994368,6.109484167,2312100.223
South Africa,2000-03-31,1175606289,2421187253,-1245580964,-1,3217.846934,4.200000001,59.9904779,6.939828333,2393544.904
South Africa,2000-06-30,-396469925.5,3134868308,-3531338234,-1,3217.846934,4.200000001,59.9904779,6.939828333,2393544.904
South Africa,2000-09-30,960862633.5,1042577386,-81714752.5,-1,3217.846934,4.200000001,59.9904779,6.939828333,2393544.904
South Africa,2000-12-31,234634592.5,868529618.8,-633895026.3,-1,3217.846934,4.200000001,59.9904779,6.939828333,2393544.904
South Africa,2001-03-31,610419166.4,1219304937,-608885770.6,-1,2847.151919,2.7,63.41107186,8.609180833,2678767.11
South Africa,2001-06-30,10322222854,7827497971,2494724883,-1,2847.151919,2.7,63.41107186,8.609180833,2678767.11
South Africa,2001-09-30,1147269811,300233541.5,847036269.5,-1,2847.151919,2.7,63.41107186,8.609180833,2678767.11
South Africa,2001-12-31,142731517.5,995300080.7,-852568563.2,-1,2847.151919,2.7,63.41107186,8.609180833,2678767.11
South Africa,2002-03-31,283190509,1241301045,-958110536,-1,2688.23676,3.700374404,69.43177163,10.54074667,2907773.963
South Africa,2002-06-30,831184963,2584612206,-1753427243,-1,2688.23676,3.700374404,69.43177163,10.54074667,2907773.963
South Africa,2002-09-30,921814553.1,154066916.3,767747636.8,-1,2688.23676,3.700374404,69.43177163,10.54074667,2907773.963
South Africa,2002-12-31,-1331014243,1022144235,-2353158478,-1,2688.23676,3.700374404,69.43177163,10.54074667,2907773.963
South Africa,2003-03-31,-659910629.1,1248482809,-1908393438,-1,4062.21756,2.949075468,73.37509643,7.564749167,2007299.932
South Africa,2003-06-30,539050499.2,2391377250,-1852326751,-1,4062.21756,2.949075468,73.37509643,7.564749167,2007299.932
South Africa,2003-09-30,978926084,429476522.1,549449561.9,-1,4062.21756,2.949075468,73.37509643,7.564749167,2007299.932
South Africa,2003-12-31,3630626649,1446958721,2183667928,-1,4062.21756,2.949075468,73.37509643,7.564749167,2007299.932
South Africa,2004-03-31,972292747.5,147477646.5,824815101,-1,5221.463337,4.554559907,72.86731183,6.4596925,2850971.589
South Africa,2004-06-30,-2588505916,1401048492,-3989554408,-1,5221.463337,4.554559907,72.86731183,6.4596925,2850971.589
South Africa,2004-09-30,-490216820.6,628756356.9,-1118973178,-1,5221.463337,4.554559907,72.86731183,6.4596925,2850971.589
South Africa,2004-12-31,-3820643746,1559746502,-5380390248,-1,5221.463337,4.554559907,72.86731183,6.4596925,2850971.589
South Africa,2005-03-31,-448720702.5,3878982096,-4327702799,-1,5836.876633,5.277051973,74.37045742,6.359328333,3533475.52
South Africa,2005-06-30,-3973415034,913994489.2,-4887409523,-1,5836.876633,5.277051973,74.37045742,6.359328333,3533475.52
South Africa,2005-09-30,3574305957,4039256325,-464950368,-1,5836.876633,5.277051973,74.37045742,6.359328333,3533475.52
South Africa,2005-12-31,-338153020.7,2116094616,-2454247637,-1,5836.876633,5.277051973,74.37045742,6.359328333,3533475.52
South Africa,2006-03-31,-1425308434,4957736087,-6383044521,-1,6077.382934,5.603806459,76.78296638,6.771549167,4211247.129
South Africa,2006-06-30,-2342283653,2278016035,-4620299688,-1,6077.382934,5.603806459,76.78296638,6.771549167,4211247.129
South Africa,2006-09-30,-4990096854,4715544519,-9705641373,-1,6077.382934,5.603806459,76.78296638,6.771549167,4211247.129
South Africa,2006-12-31,-4234956629,932586572,-5167543201,-1,6077.382934,5.603806459,76.78296638,6.771549167,4211247.129
South Africa,2007-03-31,-3272506986,1092495359,-4365002345,-1,6591.85536,5.360474054,81.5264738,7.045365,4993951.15
South Africa,2007-06-30,-3293783486,1545419801,-4839203287,-1,6591.85536,5.360474054,81.5264738,7.045365,4993951.15
South Africa,2007-09-30,-683020637.9,2459943715,-3142964353,-1,6591.85536,5.360474054,81.5264738,7.045365,4993951.15
South Africa,2007-12-31,-3510106220,6053515535,-9563621755,-1,6591.85536,5.360474054,81.5264738,7.045365,4993951.15
South Africa,2008-03-31,1280042178,5972337948,-4692295770,-1,6184.754743,3.191043886,89.60573477,8.261223333,5508766.802
South Africa,2008-06-30,-2317456915,1963388494,-4280845409,-1,6184.754743,3.191043886,89.60573477,8.261223333,5508766.802
South Africa,2008-09-30,1649187679,1879865765,-230678086,-1,6184.754743,3.191043886,89.60573477,8.261223333,5508766.802
South Africa,2008-12-31,4769405937,11198002519,-6428596582,-1,6184.754743,3.191043886,89.60573477,8.261223333,5508766.802
South Africa,2009-03-31,-455778461.1,1308276766,-1764055227,-1,6374.7056,-1.538089135,96.09148319,8.473674158,6212466.435
South Africa,2009-06-30,-4276392293,2710494196,-6986886489,-1,6374.7056,-1.538089135,96.09148319,8.473674158,6212466.435
South Africa,2009-09-30,-5661778475,4585071644,-10246850119,-1,6374.7056,-1.538089135,96.09148319,8.473674158,6212466.435
South Africa,2009-12-31,-4329143850,1492872653,-5822016503,-1,6374.7056,-1.538089135,96.09148319,8.473674158,6212466.435
South Africa,2010-03-31,-4300561689,3798341296,-8098902985,-1,7973.471958,3.039732881,100,7.321221961,5495666.879
South Africa,2010-06-30,-4784371829,1406817368,-6191189197,-1,7973.471958,3.039732881,100,7.321221961,5495666.879
South Africa,2010-09-30,-3505646126,2053238694,-5558884820,-1,7973.471958,3.039732881,100,7.321221961,5495666.879
South Africa,2010-12-31,6032720753,2622909484,3409811269,-1,7973.471958,3.039732881,100,7.321221961,5495666.879
South Africa,2011-03-31,-17212270827,12818125351,-30030396178,-1,8646.055711,3.168556279,105.0008534,7.261132132,5638207.973
South Africa,2011-06-30,-6846889207,11685177207,-18532066414,-1,8646.055711,3.168556279,105.0008534,7.261132132,5638207.973
South Africa,2011-09-30,-8283258810,15837411716,-24120670526,-1,8646.055711,3.168556279,105.0008534,7.261132132,5638207.973
South Africa,2011-12-31,-9266857192,14841527233,-24108384425,-1,8646.055711,3.168556279,105.0008534,7.261132132,5638207.973
South Africa,2012-03-31,-10403085301,13678223758,-24081309059,-1,8076.976785,2.396232385,111.0257723,8.209968627,6275625.12
South Africa,2012-06-30,-6530749817,9075162634,-15605912451,-1,8076.976785,2.396232385,111.0257723,8.209968627,6275625.12
South Africa,2012-09-30,-11680335363,10554955688,-22235291051,-1,8076.976785,2.396232385,111.0257723,8.209968627,6275625.12
South Africa,2012-12-31,-12815270238,15396944842,-28212215080,-1,8076.976785,2.396232385,111.0257723,8.209968627,6275625.12
South Africa,2013-03-31,-6770881170,9082565446,-15853446616,-1,7331.654674,2.485468008,117.4432497,9.655056069,6779939.469
South Africa,2013-06-30,-6802034121,5225420423,-12027454544,-1,7331.654674,2.485468008,117.4432497,9.655056069,6779939.469
South Africa,2013-09-30,-12350223297,6650528287,-19000751584,-1,7331.654674,2.485468008,117.4432497,9.655056069,6779939.469
South Africa,2013-12-31,-5663409552,7940910866,-13604320418,-1,7331.654674,2.485468008,117.4432497,9.655056069,6779939.469
South Africa,2014-03-31,-5829410689,7033900510,-12863311199,-1,6856.731371,1.413826452,124.645844,10.85265557,7163991.955
South Africa,2014-06-30,-7779052912,5867579706,-13646632618,-1,6856.731371,1.413826452,124.645844,10.85265557,7163991.955
South Africa,2014-09-30,-12459295688,10543715265,-23003010953,-1,6856.731371,1.413826452,124.645844,10.85265557,7163991.955
South Africa,2014-12-31,-4546617929,10228195705,-14774813634,-1,6856.731371,1.413826452,124.645844,10.85265557,7163991.955
South Africa,2015-03-31,-9528752892,8540608638,-18069361530,-1,6112.273825,1.321862237,130.2782045,12.75893088,7507364.21
South Africa,2015-06-30,-8249528170,10173489067,-18423017237,-1,6112.273825,1.321862237,130.2782045,12.75893088,7507364.21
South Africa,2015-09-30,-10879642292,10194139659,-21073781951,-1,6112.273825,1.321862237,130.2782045,12.75893088,7507364.21
South Africa,2015-12-31,-10002647583,14692884586,-24695532169,-1,6112.273825,1.321862237,130.2782045,12.75893088,7507364.21
South Africa,2016-03-31,-14716857236,11975301750,-26692158986,-1,5651.205852,0.664552308,138.880355,14.70961089,8348683.191
South Africa,2016-06-30,-9131515255,8026877154,-17158392409,-1,5651.205852,0.664552308,138.880355,14.70961089,8348683.191
South Africa,2016-09-30,-9707211232,10918986009,-20626197241,-1,5651.205852,0.664552308,138.880355,14.70961089,8348683.191
South Africa,2016-12-31,-14436897710,16041093312,-30477991022,-1,5651.205852,0.664552308,138.880355,14.70961089,8348683.191
South Africa,2017-03-31,-4672507320,8995478546,-13667985866,-1,6618.335083,1.157946952,146.0829493,13.32380142,7663995.662
South Africa,2017-06-30,-9424546814,7226397380,-16650944194,-1,6618.335083,1.157946952,146.0829493,13.32380142,7663995.662
South Africa,2017-09-30,-5084974370,5052619378,-10137593748,-1,6618.335083,1.157946952,146.0829493,13.32380142,7663995.662
South Africa,2017-12-31,-8755352406,4472791284,-13228143690,-1,6618.335083,1.157946952,146.0829493,13.32380142,7663995.662
South Africa,2018-03-31,-8793469357,7517648348,-16311117705,-1,6914.178032,1.556783847,152.6711043,13.23392647,7469006.689
South Africa,2018-06-30,-5531239253,6192999516,-11724238769,-1,6914.178032,1.556783847,152.6711043,13.23392647,7469006.689
South Africa,2018-09-30,-5890924917,6027716921,-11918641838,-1,6914.178032,1.556783847,152.6711043,13.23392647,7469006.689
South Africa,2018-12-31,1109055627,13205541977,-12096486350,-1,6914.178032,1.556783847,152.6711043,13.23392647,7469006.689
South Africa,2019-03-31,-367933763.8,5906278865,-6274212629,-1,6533.71121,0.259935577,158.9349718,14.44842705,8426435.128
South Africa,2019-06-30,-587657292.8,7625572827,-8213230120,-1,6533.71121,0.259935577,158.9349718,14.44842705,8426435.128
South Africa,2019-09-30,-12768882688,10084321770,-22853204458,-1,6533.71121,0.259935577,158.9349718,14.44842705,8426435.128
South Africa,2019-12-31,-6797094692,5422670919,-12219765611,-1,6533.71121,0.259935577,158.9349718,14.44842705,8426435.128
South Africa,2020-03-31,2662891081,12862470514,-10199579433,-1,5580.603831,-6.168917715,164.0723673,16.45910539,9857086.019
South Africa,2020-06-30,-4326879717,11292671398,-15619551115,-1,5580.603831,-6.168917715,164.0723673,16.45910539,9857086.019
South Africa,2020-09-30,-701703285.2,10283564271,-10985267556,-1,5580.603831,-6.168917715,164.0723673,16.45910539,9857086.019
South Africa,2020-12-31,831275.66,12884708926,-12883877650,-1,5580.603831,-6.168917715,164.0723673,16.45910539,9857086.019
South Africa,2021-03-31,-215650415.7,10721938062,-10937588478,-1,6843.399419,4.955032594,171.6504523,14.77867821,8416453.007
South Africa,2021-06-30,1639620675,11547133889,-9907513214,-1,6843.399419,4.955032594,171.6504523,14.77867821,8416453.007
South Africa,2021-09-30,37828008411,26379996389,11448012022,-1,6843.399419,4.955032594,171.6504523,14.77867821,8416453.007
South Africa,2021-12-31,-1864651737,6974424214,-8839075951,-1,6843.399419,4.955032594,171.6504523,14.77867821,8416453.007
South Africa,2022-03-31,1270183676,6817304712,-5547121036,-1,6523.410978,1.91147996,183.7344257,16.35585348,9282431.11
South Africa,2022-06-30,-444536250.5,7408615801,-7853152052,-1,6523.410978,1.91147996,183.7344257,16.35585348,9282431.11
South Africa,2022-09-30,-7824066170,10221210623,-18045276793,-1,6523.410978,1.91147996,183.7344257,16.35585348,9282431.11
South Africa,2022-12-31,-11232142.54,6130253793,-6141485936,-1,6523.410978,1.91147996,183.7344257,16.35585348,9282431.11
South Korea,1998-03-31,-2942000000,5463500000,-8405500000,-1,8281.719483,-5.129448165,70.92270703,1403.183333,6290914.169
South Korea,1998-06-30,-2109600000,2325100000,-4434700000,-1,8281.719483,-5.129448165,70.92270703,1403.183333,6290914.169
South Korea,1998-09-30,1250800000,533400000,717400000,-1,8281.719483,-5.129448165,70.92270703,1403.183333,6290914.169
South Korea,1998-12-31,795900000,1718800000,-922900000,-1,8281.719483,-5.129448165,70.92270703,1403.183333,6290914.169
South Korea,1999-03-31,-1748800000,1304300000,-3053100000,-1,10672.44756,11.46694243,71.49927832,1189.439167,6944441.098
South Korea,1999-06-30,-2554600000,5456400000,-8011000000,-1,10672.44756,11.46694243,71.49927832,1189.439167,6944441.098
South Korea,1999-09-30,4227900000,5020600000,-792700000,-1,10672.44756,11.46694243,71.49927832,1189.439167,6944441.098
South Korea,1999-12-31,-6704200000,1133500000,-7837700000,-1,10672.44756,11.46694243,71.49927832,1189.439167,6944441.098
South Korea,2000-03-31,-4212800000,4635900000,-8848700000,0,12257.02066,9.060833325,73.11456556,1130.3625,7852721.183
South Korea,2000-06-30,-2993400000,227800000,-3221200000,0,12257.02066,9.060833325,73.11456556,1130.3625,7852721.183
South Korea,2000-09-30,-2906400000,3327700000,-6234100000,0,12257.02066,9.060833325,73.11456556,1130.3625,7852721.183
South Korea,2000-12-31,1158300000,5435100000,-4276800000,0,12257.02066,9.060833325,73.11456556,1130.3625,7852721.183
South Korea,2001-03-31,-2062100000,5853900000,-7916000000,0,11561.20717,4.852399572,76.08782485,1290.79,8898326.827
South Korea,2001-06-30,-2219500000,6390400000,-8609900000,0,11561.20717,4.852399572,76.08782485,1290.79,8898326.827
South Korea,2001-09-30,-2692300000,2262900000,-4955200000,0,11561.20717,4.852399572,76.08782485,1290.79,8898326.827
South Korea,2001-12-31,-6254700000,4843500000,-11098200000,0,11561.20717,4.852399572,76.08782485,1290.79,8898326.827
South Korea,2002-03-31,411200000,3932800000,-3521600000,0,13165.08362,7.725142675,78.18957,1251.6025,9228775.124
South Korea,2002-06-30,1088800000,6591400000,-5502600000,0,13165.08362,7.725142675,78.18957,1251.6025,9228775.124
South Korea,2002-09-30,-671200000,1355600000,-2026800000,0,13165.08362,7.725142675,78.18957,1251.6025,9228775.124
South Korea,2002-12-31,-2574800000,6929600000,-9504400000,0,13165.08362,7.725142675,78.18957,1251.6025,9228775.124
South Korea,2003-03-31,195000000,3422200000,-3227200000,0,14672.80575,3.147291194,80.93783527,1191.645833,10595908.98
South Korea,2003-06-30,-726300000,4688000000,-5414300000,0,14672.80575,3.147291194,80.93783527,1191.645833,10595908.98
South Korea,2003-09-30,-6170000000,5961800000,-12131800000,0,14672.80575,3.147291194,80.93783527,1191.645833,10595908.98
South Korea,2003-12-31,-5801200000,6194400000,-11995600000,0,14672.80575,3.147291194,80.93783527,1191.645833,10595908.98
South Korea,2004-03-31,-3065400000,7725200000,-10790600000,0,16496.13162,5.197391363,83.84404017,1146.249167,12075284.8
South Korea,2004-06-30,5233000000,11938800000,-6705800000,0,16496.13162,5.197391363,83.84404017,1146.249167,12075284.8
South Korea,2004-09-30,2015700000,6894600000,-4878900000,0,16496.13162,5.197391363,83.84404017,1146.249167,12075284.8
South Korea,2004-12-31,-4358200000,11449000000,-15807200000,0,16496.13162,5.197391363,83.84404017,1146.249167,12075284.8
South Korea,2005-03-31,818400000,8525700000,-7707300000,0,19402.50263,4.308542714,86.15293033,1024.328333,10851796.43
South Korea,2005-06-30,2190400000,6348200000,-4157800000,0,19402.50263,4.308542714,86.15293033,1024.328333,10851796.43
South Korea,2005-09-30,2329000000,7607700000,-5278700000,0,19402.50263,4.308542714,86.15293033,1024.328333,10851796.43
South Korea,2005-12-31,1307300000,9676300000,-8369000000,0,19402.50263,4.308542714,86.15293033,1024.328333,10851796.43
South Korea,2006-03-31,-180000000,13218000000,-13398000000,0,21743.47745,5.264326595,88.08477219,955.3408333,10998612.8
South Korea,2006-06-30,16136300000,25239300000,-9103000000,0,21743.47745,5.264326595,88.08477219,955.3408333,10998612.8
South Korea,2006-09-30,8934200000,16150600000,-7216400000,0,21743.47745,5.264326595,88.08477219,955.3408333,10998612.8
South Korea,2006-12-31,5575700000,13127300000,-7551600000,0,21743.47745,5.264326595,88.08477219,955.3408333,10998612.8
South Korea,2007-03-31,11032800000,34338100000,-23305300000,0,24086.41044,5.799548415,90.31734577,929.3758333,10899617.88
South Korea,2007-06-30,4513900000,23305900000,-18792000000,0,24086.41044,5.799548415,90.31734577,929.3758333,10899617.88
South Korea,2007-09-30,13650000000,13510200000,139800000,0,24086.41044,5.799548415,90.31734577,929.3758333,10899617.88
South Korea,2007-12-31,7367400000,17929400000,-10562000000,0,24086.41044,5.799548415,90.31734577,929.3758333,10899617.88
South Korea,2008-03-31,9554500000,10519400000,-964900000,0,21350.42798,3.012984873,94.53868508,1100.125833,9439853.554
South Korea,2008-06-30,-1239600000,5382800000,-6622400000,0,21350.42798,3.012984873,94.53868508,1100.125833,9439853.554
South Korea,2008-09-30,19468400000,12241600000,7226800000,0,21350.42798,3.012984873,94.53868508,1100.125833,9439853.554
South Korea,2008-12-31,2030500000,54259500000,-52229000000,0,21350.42798,3.012984873,94.53868508,1100.125833,9439853.554
South Korea,2009-03-31,-6240800000,5239500000,-11480300000,0,19143.85161,0.79269899,97.14464067,1277.245833,14126579.72
South Korea,2009-06-30,-15443300000,4521300000,-19964600000,0,19143.85161,0.79269899,97.14464067,1277.245833,14126579.72
South Korea,2009-09-30,-20755000000,4082500000,-24837500000,0,19143.85161,0.79269899,97.14464067,1277.245833,14126579.72
South Korea,2009-12-31,-8587200000,3307700000,-11894900000,0,19143.85161,0.79269899,97.14464067,1277.245833,14126579.72
South Korea,2010-03-31,-8647800000,2053900000,-10701700000,1,23079.26013,6.804824918,100,1156.46,12658269.5
South Korea,2010-06-30,-343400000,7315000000,-7658400000,1,23079.26013,6.804824918,100,1156.46,12658269.5
South Korea,2010-09-30,-11119900000,7893600000,-19013500000,1,23079.26013,6.804824918,100,1156.46,12658269.5
South Korea,2010-12-31,-13110400000,7619800000,-20730200000,1,23079.26013,6.804824918,100,1156.46,12658269.5
South Korea,2011-03-31,6469000000,14152400000,-7683400000,1,25097.59543,3.685667782,104.025965,1108.233333,12229638.8
South Korea,2011-06-30,-4550600000,8385800000,-12936400000,1,25097.59543,3.685667782,104.025965,1108.233333,12229638.8
South Korea,2011-09-30,8053800000,23313600000,-15259800000,1,25097.59543,3.685667782,104.025965,1108.233333,12229638.8
South Korea,2011-12-31,-2480800000,3709600000,-6190400000,1,25097.59543,3.685667782,104.025965,1108.233333,12229638.8
South Korea,2012-03-31,-14586000000,10022300000,-24608300000,1,25459.1689,2.402530992,106.3010868,1126.806667,12872549.66
South Korea,2012-06-30,8727400000,10284800000,-1557400000,1,25459.1689,2.402530992,106.3010868,1126.806667,12872549.66
South Korea,2012-09-30,-1148000000,20410500000,-21558500000,1,25459.1689,2.402530992,106.3010868,1126.806667,12872549.66
South Korea,2012-12-31,2890600000,21824100000,-18933500000,1,25459.1689,2.402530992,106.3010868,1126.806667,12872549.66
South Korea,2013-03-31,7885100000,13327700000,-5442600000,1,27179.51701,3.164708636,107.6844333,1094.9825,12718919.84
South Korea,2013-06-30,17920100000,14859900000,3060200000,1,27179.51701,3.164708636,107.6844333,1094.9825,12718919.84
South Korea,2013-09-30,3691400000,27284700000,-23593300000,1,27179.51701,3.164708636,107.6844333,1094.9825,12718919.84
South Korea,2013-12-31,9167300000,19833900000,-10666600000,1,27179.51701,3.164708636,107.6844333,1094.9825,12718919.84
South Korea,2014-03-31,14949400000,15783000000,-833600000,1,29252.93124,3.202453795,109.057167,1052.84,12403361.9
South Korea,2014-06-30,14300200000,13366900000,933300000,1,29252.93124,3.202453795,109.057167,1052.84,12403361.9
South Korea,2014-09-30,8739900000,18233800000,-9493900000,1,29252.93124,3.202453795,109.057167,1052.84,12403361.9
South Korea,2014-12-31,23454300000,28904000000,-5449700000,1,29252.93124,3.202453795,109.057167,1052.84,12403361.9
South Korea,2015-03-31,9313800000,13999500000,-4685700000,1,28737.43917,2.809103268,109.8274724,1130.9525,12760610.15
South Korea,2015-06-30,15052600000,22010300000,-6957700000,1,28737.43917,2.809103268,109.8274724,1130.9525,12760610.15
South Korea,2015-09-30,27756000000,13059100000,14696900000,1,28737.43917,2.809103268,109.8274724,1130.9525,12760610.15
South Korea,2015-12-31,9610100000,12810500000,-3200400000,1,28737.43917,2.809103268,109.8274724,1130.9525,12760610.15
South Korea,2016-03-31,18760200000,16927300000,1832900000,2,29280.44032,2.946881715,110.8946503,1160.7675,12641688.46
South Korea,2016-06-30,21916000000,20561900000,1354100000,2,29280.44032,2.946881715,110.8946503,1160.7675,12641688.46
South Korea,2016-09-30,17854000000,23972200000,-6118200000,2,29280.44032,2.946881715,110.8946503,1160.7675,12641688.46
South Korea,2016-12-31,16137400000,16087300000,50100000,2,29280.44032,2.946881715,110.8946503,1160.7675,12641688.46
South Korea,2017-03-31,11982600000,29184100000,-17201500000,2,31600.73587,3.15963574,113.0508108,1131.000833,12303666.06
South Korea,2017-06-30,6823300000,21123300000,-14300000000,2,31600.73587,3.15963574,113.0508108,1131.000833,12303666.06
South Korea,2017-09-30,29479700000,19248400000,10231300000,2,31600.73587,3.15963574,113.0508108,1131.000833,12303666.06
South Korea,2017-12-31,16020900000,23570800000,-7549900000,2,31600.73587,3.15963574,113.0508108,1131.000833,12303666.06
South Korea,2018-03-31,9967900000,26310800000,-16342900000,2,33447.15628,2.907403774,114.7192592,1100.163333,12051315.51
South Korea,2018-06-30,2843500000,23294900000,-20451400000,2,33447.15628,2.907403774,114.7192592,1100.163333,12051315.51
South Korea,2018-09-30,17401000000,24097800000,-6696800000,2,33447.15628,2.907403774,114.7192592,1100.163333,12051315.51
South Korea,2018-12-31,10338300000,21332900000,-10994600000,2,33447.15628,2.907403774,114.7192592,1100.163333,12051315.51
South Korea,2019-03-31,6523400000,30643200000,-24119800000,2,31902.4169,2.24397786,115.1586343,1165.3575,12814676.8
South Korea,2019-06-30,15227700000,18883100000,-3655400000,2,31902.4169,2.24397786,115.1586343,1165.3575,12814676.8
South Korea,2019-09-30,6991700000,14058200000,-7066500000,2,31902.4169,2.24397786,115.1586343,1165.3575,12814676.8
South Korea,2019-12-31,15161800000,13836700000,1325100000,2,31902.4169,2.24397786,115.1586343,1165.3575,12814676.8
South Korea,2020-03-31,33512200000,10811200000,22701000000,2,31721.29891,-0.709415359,115.7773678,1180.265833,13979974.11
South Korea,2020-06-30,-5965700000,36070500000,-42036200000,2,31721.29891,-0.709415359,115.7773678,1180.265833,13979974.11
South Korea,2020-09-30,5100400000,24103300000,-19002900000,2,31721.29891,-0.709415359,115.7773678,1180.265833,13979974.11
South Korea,2020-12-31,28554100000,24294700000,4259400000,2,31721.29891,-0.709415359,115.7773678,1180.265833,13979974.11
South Korea,2021-03-31,16937300000,29789300000,-12852000000,2,35125.5225,4.304734819,118.6698724,1143.951667,13189307.17
South Korea,2021-06-30,11727300000,18250000000,-6522700000,2,35125.5225,4.304734819,118.6698724,1143.951667,13189307.17
South Korea,2021-09-30,10995100000,17774100000,-6779000000,2,35125.5225,4.304734819,118.6698724,1143.951667,13189307.17
South Korea,2021-12-31,6363600000,27935500000,-21571900000,2,35125.5225,4.304734819,118.6698724,1143.951667,13189307.17
South Korea,2022-03-31,14002300000,24200400000,-10198100000,2,32394.68337,2.612672192,124.7095918,1291.446667,13068996.13
South Korea,2022-06-30,23728300000,31061300000,-7333000000,2,32394.68337,2.612672192,124.7095918,1291.446667,13068996.13
South Korea,2022-09-30,6792600000,11517500000,-4724900000,2,32394.68337,2.612672192,124.7095918,1291.446667,13068996.13
South Korea,2022-12-31,-5750100000,13985400000,-19735500000,2,32394.68337,2.612672192,124.7095918,1291.446667,13068996.13
Thailand,1998-03-31,4793696003,1014100896,3779595107,0,1847.703793,-7.634035286,75.92409462,41.3593875,15985831.35
Thailand,1998-06-30,5345212907,2756810368,2588402539,0,1847.703793,-7.634035286,75.92409462,41.3593875,15985831.35
Thailand,1998-09-30,3329869455,1277951874,2051917581,0,1847.703793,-7.634035286,75.92409462,41.3593875,15985831.35
Thailand,1998-12-31,4065455651,629751084.3,3435704567,0,1847.703793,-7.634035286,75.92409462,41.3593875,15985831.35
Thailand,1999-03-31,4579958249,2881710853,1698247396,0,2033.244905,4.572307751,76.14027061,37.81365583,17106117.55
Thailand,1999-06-30,2762958842,706358962.4,2056599880,0,2033.244905,4.572307751,76.14027061,37.81365583,17106117.55
Thailand,1999-09-30,3868501573,1024053551,2844448022,0,2033.244905,4.572307751,76.14027061,37.81365583,17106117.55
Thailand,1999-12-31,2341067744,746440852.8,1594626891,0,2033.244905,4.572307751,76.14027061,37.81365583,17106117.55
Thailand,2000-03-31,4491375833,1828137260,2663238573,0,2005.976945,4.455247043,77.35240025,40.11180333,16284082.59
Thailand,2000-06-30,3595556331,453685622.7,3141870708,0,2005.976945,4.455247043,77.35240025,40.11180333,16284082.59
Thailand,2000-09-30,1538748277,868512295,670235982,0,2005.976945,4.455247043,77.35240025,40.11180333,16284082.59
Thailand,2000-12-31,3447785843,551348283,2896437560,0,2005.976945,4.455247043,77.35240025,40.11180333,16284082.59
Thailand,2001-03-31,2946377486,1586785359,1359592127,0,1889.934325,3.44424901,78.61085331,44.4319,17482356.77
Thailand,2001-06-30,1334618644,542116470.3,792502173.7,0,1889.934325,3.44424901,78.61085331,44.4319,17482356.77
Thailand,2001-09-30,1027680043,1654968156,-627288113,0,1889.934325,3.44424901,78.61085331,44.4319,17482356.77
Thailand,2001-12-31,2268422724,985502295.6,1282920428,0,1889.934325,3.44424901,78.61085331,44.4319,17482356.77
Thailand,2002-03-31,1033650307,870703706.9,162946600.1,0,2089.751831,6.149036052,79.15901385,42.96008333,18616232.41
Thailand,2002-06-30,-695546335.8,692809530,-1388355866,0,2089.751831,6.149036052,79.15901385,42.96008333,18616232.41
Thailand,2002-09-30,2563032210,2309761008,253271202,0,2089.751831,6.149036052,79.15901385,42.96008333,18616232.41
Thailand,2002-12-31,1447171018,1572487672,-125316654,0,2089.751831,6.149036052,79.15901385,42.96008333,18616232.41
Thailand,2003-03-31,4537986511,841075592.6,3696910918,0,2347.540013,7.189243303,80.58731947,41.48461667,17959983.87
Thailand,2003-06-30,1177235747,483473670.5,693762076.5,0,2347.540013,7.189243303,80.58731947,41.48461667,17959983.87
Thailand,2003-09-30,1447454506,2905304224,-1457849718,0,2347.540013,7.189243303,80.58731947,41.48461667,17959983.87
Thailand,2003-12-31,2931090604,2177567114,753523490,0,2347.540013,7.189243303,80.58731947,41.48461667,17959983.87
Thailand,2004-03-31,1456484199,929397516.7,527086682.3,0,2641.562687,6.289342143,82.8108439,40.22241492,18870121.46
Thailand,2004-06-30,94404228.28,2384148080,-2289743852,0,2641.562687,6.289342143,82.8108439,40.22241492,18870121.46
Thailand,2004-09-30,907302166.5,4467837156,-3560534990,0,2641.562687,6.289342143,82.8108439,40.22241492,18870121.46
Thailand,2004-12-31,1273177191,1892088637,-618911446,0,2641.562687,6.289342143,82.8108439,40.22241492,18870121.46
Thailand,2005-03-31,4416395604,6555236698,-2138841094,0,2867.703834,4.187638429,86.57076195,40.22013021,18159401.15
Thailand,2005-06-30,-79525426.9,2470102172,-2549627599,0,2867.703834,4.187638429,86.57076195,40.22013021,18159401.15
Thailand,2005-09-30,2563808809,6579184426,-4015375617,0,2867.703834,4.187638429,86.57076195,40.22013021,18159401.15
Thailand,2005-12-31,845838935.6,2206968665,-1361129729,0,2867.703834,4.187638429,86.57076195,40.22013021,18159401.15
Thailand,2006-03-31,2997576159,10070914001,-7073337842,0,3331.320435,4.967810892,90.58545884,37.88198322,20114488.08
Thailand,2006-06-30,-575935467.7,1439675310,-2015610778,0,3331.320435,4.967810892,90.58545884,37.88198322,20114488.08
Thailand,2006-09-30,2672234313,5735963182,-3063728869,0,3331.320435,4.967810892,90.58545884,37.88198322,20114488.08
Thailand,2006-12-31,524650978.4,896313410.6,-371662432.2,0,3331.320435,4.967810892,90.58545884,37.88198322,20114488.08
Thailand,2007-03-31,4560766286,3311958473,1248807813,-1,3918.528174,5.435151691,92.615969,34.51818059,22322786.24
Thailand,2007-06-30,2928564507,4696797147,-1768232640,-1,3918.528174,5.435151691,92.615969,34.51818059,22322786.24
Thailand,2007-09-30,1245609028,2073904358,-828295330,-1,3918.528174,5.435151691,92.615969,34.51818059,22322786.24
Thailand,2007-12-31,3306560143,4789681177,-1483121034,-1,3918.528174,5.435151691,92.615969,34.51818059,22322786.24
Thailand,2008-03-31,-12232552711,11955837692,-24188390403,0,4309.135093,1.725698849,97.68066353,33.31330064,25761368.02
Thailand,2008-06-30,-250127979.9,4511128936,-4761256916,0,4309.135093,1.725698849,97.68066353,33.31330064,25761368.02
Thailand,2008-09-30,1485829511,3275239616,-1789410105,0,4309.135093,1.725698849,97.68066353,33.31330064,25761368.02
Thailand,2008-12-31,-6787745760,8765867191,-15553612951,0,4309.135093,1.725698849,97.68066353,33.31330064,25761368.02
Thailand,2009-03-31,3067476543,1168061665,1899414878,-1,4135.43987,-0.690618232,96.85456244,34.28577412,33471437.96
Thailand,2009-06-30,5903425688,5332357914,571067774,-1,4135.43987,-0.690618232,96.85456244,34.28577412,33471437.96
Thailand,2009-09-30,1176427181,2831593938,-1655166757,-1,4135.43987,-0.690618232,96.85456244,34.28577412,33471437.96
Thailand,2009-12-31,-2271703402,4949256989,-7220960391,-1,4135.43987,-0.690618232,96.85456244,34.28577412,33471437.96
Thailand,2010-03-31,-1671305308,5419651067,-7090956375,-1,4973.862888,7.513390533,100,31.685705,34586384.72
Thailand,2010-06-30,-2543476050,2130602439,-4674078489,-1,4973.862888,7.513390533,100,31.685705,34586384.72
Thailand,2010-09-30,-3164447087,3064714516,-6229161603,-1,4973.862888,7.513390533,100,31.685705,34586384.72
Thailand,2010-12-31,-3854482916,3122829090,-6977312006,-1,4973.862888,7.513390533,100,31.685705,34586384.72
Thailand,2011-03-31,-1066411909,8109509145,-9175921054,-1,5373.623283,0.840132083,103.8087906,30.49173333,32546200.63
Thailand,2011-06-30,332780147.9,8041516257,-7708736109,-1,5373.623283,0.840132083,103.8087906,30.49173333,32546200.63
Thailand,2011-09-30,1834687847,13062441438,-11227753591,-1,5373.623283,0.840132083,103.8087906,30.49173333,32546200.63
Thailand,2011-12-31,5905260002,3630060093,2275199909,-1,5373.623283,0.840132083,103.8087906,30.49173333,32546200.63
Thailand,2012-03-31,2028121649,11181823739,-9153702090,-1,5725.528028,7.242796202,106.9385213,31.08309167,31696860.65
Thailand,2012-06-30,-1510031150,4363369553,-5873400703,-1,5725.528028,7.242796202,106.9385213,31.08309167,31696860.65
Thailand,2012-09-30,-1528915598,7508484652,-9037400250,-1,5725.528028,7.242796202,106.9385213,31.08309167,31696860.65
Thailand,2012-12-31,-3518858509,7674378124,-11193236633,-1,5725.528028,7.242796202,106.9385213,31.08309167,31696860.65
Thailand,2013-03-31,843368603.1,8075615489,-7232246886,-1,6018.082447,2.687495563,109.2750063,30.72596667,27787958.2
Thailand,2013-06-30,-7436488397,6128677203,-13565165600,-1,6018.082447,2.687495563,109.2750063,30.72596667,27787958.2
Thailand,2013-09-30,4230195576,6645409472,-2415213896,-1,6018.082447,2.687495563,109.2750063,30.72596667,27787958.2
Thailand,2013-12-31,5255874471,10985186338,-5729311867,-1,6018.082447,2.687495563,109.2750063,30.72596667,27787958.2
Thailand,2014-03-31,5671402377,9774808182,-4103405805,-1,5801.197892,0.984468864,111.3459226,32.47983333,27091428.87
Thailand,2014-06-30,-1769035846,5017969425,-6787005271,-1,5801.197892,0.984468864,111.3459226,32.47983333,27091428.87
Thailand,2014-09-30,759018506.7,2710203417,-1951184910,-1,5801.197892,0.984468864,111.3459226,32.47983333,27091428.87
Thailand,2014-12-31,1218041101,7874121739,-6656080638,-1,5801.197892,0.984468864,111.3459226,32.47983333,27091428.87
Thailand,2015-03-31,2824195123,7801544337,-4977349214,-1,5688.853354,3.134047249,110.3433361,34.24771667,27502898.5
Thailand,2015-06-30,-3982559619,7090709702,-11073269321,-1,5688.853354,3.134047249,110.3433361,34.24771667,27502898.5
Thailand,2015-09-30,2812066503,8858919872,-6046853369,-1,5688.853354,3.134047249,110.3433361,34.24771667,27502898.5
Thailand,2015-12-31,2993211876,8136444989,-5143233113,-1,5688.853354,3.134047249,110.3433361,34.24771667,27502898.5
Thailand,2016-03-31,1574225670,4434069502,-2859843832,-1,5833.577156,3.435157717,110.5509468,35.29638333,29445410.58
Thailand,2016-06-30,-1368874558,5090939209,-6459813767,-1,5833.577156,3.435157717,110.5509468,35.29638333,29445410.58
Thailand,2016-09-30,4546482225,4934010161,-387527936,-1,5833.577156,3.435157717,110.5509468,35.29638333,29445410.58
Thailand,2016-12-31,5200836361,11617998662,-6417162301,-1,5833.577156,3.435157717,110.5509468,35.29638333,29445410.58
Thailand,2017-03-31,6356399217,7987888747,-1631489530,-1,6413.091825,4.177681032,111.2868092,33.93981106,31582004.55
Thailand,2017-06-30,1585323321,5221582934,-3636259613,-1,6413.091825,4.177681032,111.2868092,33.93981106,31582004.55
Thailand,2017-09-30,-2421650230,4686044074,-7107694304,-1,6413.091825,4.177681032,111.2868092,33.93981106,31582004.55
Thailand,2017-12-31,785331547.7,5322451554,-4537120006,-1,6413.091825,4.177681032,111.2868092,33.93981106,31582004.55
Thailand,2018-03-31,-2249399232,5773881811,-8023281043,-1,7099.776501,4.222870287,112.4707868,32.31022574,28964380.63
Thailand,2018-06-30,-1378169966,8118833044,-9497003010,-1,7099.776501,4.222870287,112.4707868,32.31022574,28964380.63
Thailand,2018-09-30,681654240.1,3336512343,-2654858103,-1,7099.776501,4.222870287,112.4707868,32.31022574,28964380.63
Thailand,2018-12-31,5579547624,7371577474,-1792029850,-1,7099.776501,4.222870287,112.4707868,32.31022574,28964380.63
Thailand,2019-03-31,1770750181,6031072197,-4260322016,0,7605.696578,2.114557796,113.26565,31.04760578,29498350.92
Thailand,2019-06-30,4602229517,6375053794,-1772824277,0,7605.696578,2.114557796,113.26565,31.04760578,29498350.92
Thailand,2019-09-30,-2974500494,12881031698,-15855532192,0,7605.696578,2.114557796,113.26565,31.04760578,29498350.92
Thailand,2019-12-31,5033477333,8379607491,-3346130158,0,7605.696578,2.114557796,113.26565,31.04760578,29498350.92
Thailand,2020-03-31,-28075177.1,11727981903,-11756057080,0,6985.643939,-6.050038469,112.3074938,31.29367321,36947836.46
Thailand,2020-06-30,-14828892654,11878614742,-26707507396,0,6985.643939,-6.050038469,112.3074938,31.29367321,36947836.46
Thailand,2020-09-30,-351741100.2,6599475033,-6951216133,0,6985.643939,-6.050038469,112.3074938,31.29367321,36947836.46
Thailand,2020-12-31,-12500373280,6954491610,-19454864890,0,6985.643939,-6.050038469,112.3074938,31.29367321,36947836.46
Thailand,2021-03-31,-601581438.8,14088825061,-14690406500,0,7057.207548,1.552166084,113.68932,31.97709344,34861556.92
Thailand,2021-06-30,-2061994975,6450527790,-8512522765,0,7057.207548,1.552166084,113.68932,31.97709344,34861556.92
Thailand,2021-09-30,-4081926890,3285391048,-7367317938,0,7057.207548,1.552166084,113.68932,31.97709344,34861556.92
Thailand,2021-12-31,-1953037441,3748831169,-5701868610,0,7057.207548,1.552166084,113.68932,31.97709344,34861556.92
Thailand,2022-03-31,829230206.1,7503249234,-6674019028,0,6909.352818,2.580378747,111.8581486,35.06135021,31334414.58
Thailand,2022-06-30,2870879872,9671605548,-6800725676,0,6909.352818,2.580378747,111.8581486,35.06135021,31334414.58
Thailand,2022-09-30,2963462359,6343055605,-3379593246,0,6909.352818,2.580378747,111.8581486,35.06135021,31334414.58
Thailand,2022-12-31,575419098.1,5541068283,-4965649185,0,6909.352818,2.580378747,111.8581486,35.06135021,31334414.58
Turkey ,1998-03-31,1333000000,2195000000,-862000000,-1,4329.56244,2.404150257,8.063593049,0.26072425,4750504.393
Turkey ,1998-06-30,4228000000,1300000000,2928000000,-1,4329.56244,2.404150257,8.063593049,0.26072425,4750504.393
Turkey ,1998-09-30,2170000000,12806000000,-10636000000,-1,4329.56244,2.404150257,8.063593049,0.26072425,4750504.393
Turkey ,1998-12-31,422000000,5008000000,-4586000000,-1,4329.56244,2.404150257,8.063593049,0.26072425,4750504.393
Turkey ,1999-03-31,46000000,1222000000,-1176000000,-1,3969.473594,-3.263168406,13.29424327,0.418782917,6155139.563
Turkey ,1999-06-30,-988000000,634000000,-1622000000,-1,3969.473594,-3.263168406,13.29424327,0.418782917,6155139.563
Turkey ,1999-09-30,1497000000,802000000,695000000,-1,3969.473594,-3.263168406,13.29424327,0.418782917,6155139.563
Turkey ,1999-12-31,4290000000,3219000000,1071000000,-1,3969.473594,-3.263168406,13.29424327,0.418782917,6155139.563
Turkey ,2000-03-31,1682000000,2409000000,-727000000,-1,4192.443167,6.933239705,20.59482623,0.6252185,5608789.093
Turkey ,2000-06-30,2846000000,1966000000,880000000,-1,4192.443167,6.933239705,20.59482623,0.6252185,5608789.093
Turkey ,2000-09-30,3569000000,4075000000,-506000000,-1,4192.443167,6.933239705,20.59482623,0.6252185,5608789.093
Turkey ,2000-12-31,6236000000,5247000000,989000000,-1,4192.443167,6.933239705,20.59482623,0.6252185,5608789.093
Turkey ,2001-03-31,-959000000,3453000000,-4412000000,-1,3045.55414,-5.750006555,31.79845058,1.225588083,6537835.459
Turkey ,2001-06-30,-948000000,1943000000,-2891000000,-1,3045.55414,-5.750006555,31.79845058,1.225588083,6537835.459
Turkey ,2001-09-30,1336000000,1716000000,-380000000,-1,3045.55414,-5.750006555,31.79845058,1.225588083,6537835.459
Turkey ,2001-12-31,-707000000,1124000000,-1831000000,-1,3045.55414,-5.750006555,31.79845058,1.225588083,6537835.459
Turkey ,2002-03-31,3604000000,1489000000,2115000000,-1,3583.197459,6.447722047,46.09634436,1.507226417,7911378.187
Turkey ,2002-06-30,2124000000,1290000000,834000000,-1,3583.197459,6.447722047,46.09634436,1.507226417,7911378.187
Turkey ,2002-09-30,2687000000,1461000000,1226000000,-1,3583.197459,6.447722047,46.09634436,1.507226417,7911378.187
Turkey ,2002-12-31,1649000000,1330000000,319000000,-1,3583.197459,6.447722047,46.09634436,1.507226417,7911378.187
Turkey ,2003-03-31,73000000,3370000000,-3297000000,-1,4637.882185,5.763206067,56.05427877,1.500885209,7664815.072
Turkey ,2003-06-30,603000000,2083000000,-1480000000,-1,4637.882185,5.763206067,56.05427877,1.500885209,7664815.072
Turkey ,2003-09-30,3697000000,2656000000,1041000000,-1,4637.882185,5.763206067,56.05427877,1.500885209,7664815.072
Turkey ,2003-12-31,1424000000,2084000000,-660000000,-1,4637.882185,5.763206067,56.05427877,1.500885209,7664815.072
Turkey ,2004-03-31,1614000000,3945000000,-2331000000,-1,5960.778989,9.795936389,60.87397235,1.42553725,6258262.784
Turkey ,2004-06-30,3518000000,3313000000,205000000,-1,5960.778989,9.795936389,60.87397235,1.42553725,6258262.784
Turkey ,2004-09-30,5157000000,3218000000,1939000000,-1,5960.778989,9.795936389,60.87397235,1.42553725,6258262.784
Turkey ,2004-12-31,2238000000,6822000000,-4584000000,-1,5960.778989,9.795936389,60.87397235,1.42553725,6258262.784
Turkey ,2005-03-31,1293000000,7334000000,-6041000000,-1,7303.013889,8.992304936,65.85295217,1.343583108,7187983.311
Turkey ,2005-06-30,6495000000,5723000000,772000000,-1,7303.013889,8.992304936,65.85295217,1.343583108,7187983.311
Turkey ,2005-09-30,4455000000,5672000000,-1217000000,-1,7303.013889,8.992304936,65.85295217,1.343583108,7187983.311
Turkey ,2005-12-31,4451000000,6677000000,-2226000000,-1,7303.013889,8.992304936,65.85295217,1.343583108,7187983.311
Turkey ,2006-03-31,9671000000,5604000000,4067000000,-1,7953.07848,6.947988086,72.17301943,1.428453413,7954761.333
Turkey ,2006-06-30,8373000000,9980000000,-1607000000,-1,7953.07848,6.947988086,72.17301943,1.428453413,7954761.333
Turkey ,2006-09-30,3094000000,6869000000,-3775000000,-1,7953.07848,6.947988086,72.17301943,1.428453413,7954761.333
Turkey ,2006-12-31,8366000000,11622000000,-3256000000,-1,7953.07848,6.947988086,72.17301943,1.428453413,7954761.333
Turkey ,2007-03-31,-1276000000,5133000000,-6409000000,-1,9711.223761,5.043507932,78.49261958,1.302930905,7877084.225
Turkey ,2007-06-30,13306000000,10390000000,2916000000,-1,9711.223761,5.043507932,78.49261958,1.302930905,7877084.225
Turkey ,2007-09-30,6201000000,5899000000,302000000,-1,9711.223761,5.043507932,78.49261958,1.302930905,7877084.225
Turkey ,2007-12-31,12393000000,6664000000,5729000000,-1,9711.223761,5.043507932,78.49261958,1.302930905,7877084.225
Turkey ,2008-03-31,11922000000,5681000000,6241000000,0,10843.50369,0.815024573,86.69048954,1.301521703,6794361.573
Turkey ,2008-06-30,21399000000,14441000000,6958000000,0,10843.50369,0.815024573,86.69048954,1.301521703,6794361.573
Turkey ,2008-09-30,13118000000,4840000000,8278000000,0,10843.50369,0.815024573,86.69048954,1.301521703,6794361.573
Turkey ,2008-12-31,-13149000000,13265000000,-26414000000,0,10843.50369,0.815024573,86.69048954,1.301521703,6794361.573
Turkey ,2009-03-31,-4276000000,4440000000,-8716000000,0,9012.999458,-4.823153953,92.10949178,1.549959776,8313891.541
Turkey ,2009-06-30,-2004000000,3349000000,-5353000000,0,9012.999458,-4.823153953,92.10949178,1.549959776,8313891.541
Turkey ,2009-09-30,-1230000000,5021000000,-6251000000,0,9012.999458,-4.823153953,92.10949178,1.549959776,8313891.541
Turkey ,2009-12-31,1326000000,4915000000,-3589000000,0,9012.999458,-4.823153953,92.10949178,1.549959776,8313891.541
Turkey ,2010-03-31,1998000000,8172000000,-6174000000,0,10622.70204,8.427104323,100,1.50284863,8092052.409
Turkey ,2010-06-30,11205000000,5270000000,5935000000,0,10622.70204,8.427104323,100,1.50284863,8092052.409
Turkey ,2010-09-30,7008000000,6297000000,711000000,0,10622.70204,8.427104323,100,1.50284863,8092052.409
Turkey ,2010-12-31,17364000000,4032000000,13332000000,0,10622.70204,8.427104323,100,1.50284863,8092052.409
Turkey ,2011-03-31,-1190000000,20341000000,-21531000000,0,11300.78522,11.20011058,106.4718797,1.674954552,7781517.137
Turkey ,2011-06-30,11777000000,10217000000,1560000000,0,11300.78522,11.20011058,106.4718797,1.674954552,7781517.137
Turkey ,2011-09-30,5891000000,3705000000,2186000000,0,11300.78522,11.20011058,106.4718797,1.674954552,7781517.137
Turkey ,2011-12-31,-1035000000,9099000000,-10134000000,0,11300.78522,11.20011058,106.4718797,1.674954552,7781517.137
Turkey ,2012-03-31,1592000000,6376000000,-4784000000,0,11713.28498,4.788492711,115.9389013,1.796000944,10175024.87
Turkey ,2012-06-30,13387000000,6713000000,6674000000,0,11713.28498,4.788492711,115.9389013,1.796000944,10175024.87
Turkey ,2012-09-30,-2030000000,15858000000,-17888000000,0,11713.28498,4.788492711,115.9389013,1.796000944,10175024.87
Turkey ,2012-12-31,3538000000,19305000000,-15767000000,0,11713.28498,4.788492711,115.9389013,1.796000944,10175024.87
Turkey ,2013-03-31,10521000000,8329000000,2192000000,0,12578.18786,8.485816997,124.6263079,1.903768242,10419135.79
Turkey ,2013-06-30,10458000000,11607000000,-1149000000,0,12578.18786,8.485816997,124.6263079,1.903768242,10419135.79
Turkey ,2013-09-30,3925000000,3979000000,-54000000,0,12578.18786,8.485816997,124.6263079,1.903768242,10419135.79
Turkey ,2013-12-31,7568000000,5883000000,1685000000,0,12578.18786,8.485816997,124.6263079,1.903768242,10419135.79
Turkey ,2014-03-31,-2983000000,3307000000,-6290000000,0,12165.22014,4.939715161,135.661435,2.188542418,10474279.94
Turkey ,2014-06-30,7017000000,15273000000,-8256000000,0,12165.22014,4.939715161,135.661435,2.188542418,10474279.94
Turkey ,2014-09-30,7593000000,6157000000,1436000000,0,12165.22014,4.939715161,135.661435,2.188542418,10474279.94
Turkey ,2014-12-31,6801000000,6365000000,436000000,0,12165.22014,4.939715161,135.661435,2.188542418,10474279.94
Turkey ,2015-03-31,5793000000,2066000000,3727000000,0,11049.99511,6.084486904,146.0678251,2.720008528,9999065.793
Turkey ,2015-06-30,7317000000,6252000000,1065000000,0,11049.99511,6.084486904,146.0678251,2.720008528,9999065.793
Turkey ,2015-09-30,3173000000,10210000000,-7037000000,0,11049.99511,6.084486904,146.0678251,2.720008528,9999065.793
Turkey ,2015-12-31,4648000000,9910000000,-5262000000,0,11049.99511,6.084486904,146.0678251,2.720008528,9999065.793
Turkey ,2016-03-31,4553000000,2553000000,2000000000,0,10970.04589,3.323084208,157.4247945,3.020134748,9554247.245
Turkey ,2016-06-30,7617000000,7755000000,-138000000,0,10970.04589,3.323084208,157.4247945,3.020134748,9554247.245
Turkey ,2016-09-30,-5636000000,2456000000,-8092000000,0,10970.04589,3.323084208,157.4247945,3.020134748,9554247.245
Turkey ,2016-12-31,-401000000,12066000000,-12467000000,0,10970.04589,3.323084208,157.4247945,3.020134748,9554247.245
Turkey ,2017-03-31,1587000000,4880000000,-3293000000,0,10695.5502,7.501997489,174.9687033,3.648132635,10065590.21
Turkey ,2017-06-30,2643000000,16451000000,-13808000000,0,10695.5502,7.501997489,174.9687033,3.648132635,10065590.21
Turkey ,2017-09-30,1387000000,10969000000,-9582000000,0,10695.5502,7.501997489,174.9687033,3.648132635,10065590.21
Turkey ,2017-12-31,8619000000,8055000000,564000000,0,10695.5502,7.501997489,174.9687033,3.648132635,10065590.21
Turkey ,2018-03-31,177000000,8857000000,-8680000000,-1,9568.835063,3.013170393,203.5454036,4.828370147,9718761.942
Turkey ,2018-06-30,7666000000,8081000000,-415000000,-1,9568.835063,3.013170393,203.5454036,4.828370147,9718761.942
Turkey ,2018-09-30,-7531000000,15031000000,-22562000000,-1,9568.835063,3.013170393,203.5454036,4.828370147,9718761.942
Turkey ,2018-12-31,-6957000000,1058000000,-8015000000,-1,9568.835063,3.013170393,203.5454036,4.828370147,9718761.942
Turkey ,2019-03-31,4439000000,13890000000,-9451000000,-1,9215.440499,0.818514527,234.4371263,5.673819308,11461163.74
Turkey ,2019-06-30,1287000000,10691000000,-9404000000,-1,9215.440499,0.818514527,234.4371263,5.673819308,11461163.74
Turkey ,2019-09-30,1861000000,6906000000,-5045000000,-1,9215.440499,0.818514527,234.4371263,5.673819308,11461163.74
Turkey ,2019-12-31,-103000000,3077000000,-3180000000,-1,9215.440499,0.818514527,234.4371263,5.673819308,11461163.74
Turkey ,2020-03-31,-3740000000,9502000000,-13242000000,-1,8638.739038,1.85987304,263.2235613,7.008605416,10833129.41
Turkey ,2020-06-30,2939000000,14416000000,-11477000000,-1,8638.739038,1.85987304,263.2235613,7.008605416,10833129.41
Turkey ,2020-09-30,8519000000,12307000000,-3788000000,-1,8638.739038,1.85987304,263.2235613,7.008605416,10833129.41
Turkey ,2020-12-31,3624000000,9054000000,-5430000000,-1,8638.739038,1.85987304,263.2235613,7.008605416,10833129.41
Turkey ,2021-03-31,7325000000,7278000000,47000000,-1,9743.212778,11.43939569,314.8061472,8.850407549,11411521.53
Turkey ,2021-06-30,11020000000,2221000000,8799000000,-1,9743.212778,11.43939569,314.8061472,8.850407549,11411521.53
Turkey ,2021-09-30,9693000000,3293000000,6400000000,-1,9743.212778,11.43939569,314.8061472,8.850407549,11411521.53
Turkey ,2021-12-31,7602000000,10393000000,-2791000000,-1,9743.212778,11.43939569,314.8061472,8.850407549,11411521.53
Turkey ,2022-03-31,14014000000,11512000000,2502000000,-1,10674.50416,5.533427875,542.4388079,16.54886042,12060045.27
Turkey ,2022-06-30,9645000000,15263000000,-5618000000,-1,10674.50416,5.533427875,542.4388079,16.54886042,12060045.27
Turkey ,2022-09-30,16923000000,4702000000,12221000000,-1,10674.50416,5.533427875,542.4388079,16.54886042,12060045.27
Turkey ,2022-12-31,3443000000,9292000000,-5849000000,-1,10674.50416,5.533427875,542.4388079,16.54886042,12060045.27
